robot_id,monster_id,name,ani_id,family,form,category,elite_class,tier,level,hp,mp,melee,shooting,armor,evasion,accuracy,lethality,corrosion,resistance,initiative,attack_count,jin,has_art,temp_art,sprite_key,gif_rel
100010,10,饥饿腐蚀者,jefsz_L1,jefsz,1,虫族,normal,2,17,9921,2517,808,819,203,212,428,308,190,214,529,1,30,True,False,Monster/jefsz_L1-0,
100026,26,暗夜潜伏蝎,ayqfx_L1,ayqfx,1,虫族,normal,2,17,6943,2581,752,806,200,221,424,312,197,197,523,1,30,True,False,Monster/ayqfx_L1-0,
100041,41,水银怪,syg_L1,syg,1,虫族,normal,2,17,10267,2865,808,816,217,195,422,361,201,194,522,1,30,True,False,Monster/syg_L1-0,
100119,119,迅猛追杀者,xmzsz_L1,xmzsz,1,虫族,normal,2,17,9094,2941,760,850,229,194,399,320,201,212,540,1,30,True,False,Monster/xmzsz_L1-0,
100121,121,无影穿梭者,wycsz_L1,wycsz,1,虫族,normal,2,17,8826,2890,800,822,221,210,391,316,207,187,505,1,30,True,False,Monster/wycsz_L1-0,
100126,126,剧毒蜘蛛,jdzz_L1,jdzz,1,虫族,normal,2,17,7643,2496,796,790,212,212,445,335,199,192,484,1,30,True,False,Monster/jdzz_L1-0,
100127,127,红眼咕噜怪,hyglg_L1,hyglg,1,虫族,normal,2,17,10775,2517,820,745,227,201,416,343,199,196,530,1,30,True,False,Monster/hyglg_L1-0,
100142,142,突变猩猩,tbxx_L1,tbxx,1,虫族,normal,2,17,7590,2582,755,814,227,218,428,357,205,184,564,1,30,True,False,Monster/tbxx_L1-0,
100151,151,地狱之狼,dyzl_L1,dyzl,1,虫族,normal,2,17,7493,2714,817,740,197,219,415,352,199,207,548,1,30,True,False,Monster/dyzl_L1-0,
100200,200,多壳爬虫,dkpc_L1,dkpc,1,虫族,normal,2,17,10276,2924,748,839,217,203,431,356,206,196,558,1,30,True,False,Monster/dkpc_L1-0,
100244,244,多壳爬虫,dkpc_L1,dkpc,1,虫族,normal,2,17,10322,2702,800,770,220,220,407,328,209,192,494,1,30,True,False,Monster/dkpc_L1-0,
100245,245,灰螳螂,htl_L1,htl,1,虫族,normal,2,17,7533,2940,823,815,208,209,436,341,203,186,508,1,30,True,False,Monster/htl_L1-0,
100248,248,寄生机甲,jsjj_L1,jsjj,1,虫族,normal,2,17,8969,2749,828,765,203,210,446,351,189,211,566,1,30,True,False,Monster/jsjj_L1-0,
100429,429,地陷虫,dxc_L1,dxc,1,虫族,normal,2,17,5789,3569,806,789,227,208,427,362,184,195,563,1,30,True,False,Monster/dxc_L1-0,
100431,431,女王护卫,nwhw_L1,nwhw,1,虫族,normal,2,17,14881,3847,811,836,208,209,394,332,185,213,561,1,30,True,False,Monster/nwhw_L1-0,
100025,25,结晶怪,jjg_L1,jjg,1,虫族,normal,2,18,8204,2738,790,776,234,205,434,359,220,220,591,1,30,True,False,Monster/jjg_L1-0,
100051,51,致命猎杀者,zmlsz_L1,zmlsz,1,虫族,normal,2,18,8640,2960,836,782,235,227,448,363,201,205,542,1,30,True,False,Monster/zmlsz_L1-0,
100066,66,剧毒刺蛇,jdcs_L1,jdcs,1,虫族,normal,2,18,7156,2881,779,830,225,210,433,327,194,191,584,1,30,True,False,Monster/jdcs_L1-0,
100075,75,多界跳跃者,djtyz_L1,djtyz,1,虫族,normal,2,18,8981,2913,806,790,237,218,476,337,207,204,513,1,30,True,False,Monster/djtyz_L1-0,
100112,112,剧毒刺蛇,jdcs_L1,jdcs,1,虫族,normal,2,18,7661,2962,833,830,211,220,407,332,220,215,598,1,30,True,False,Monster/jdcs_L1-0,
100113,113,陆行八爪怪,lxbzg_L1,lxbzg,1,虫族,normal,2,18,8666,2790,809,830,224,230,440,376,204,214,519,1,30,True,False,Monster/lxbzg_L1-0,
100131,131,影牙,yy_3_L1,yy_3,1,虫族,normal,2,18,9495,2709,778,850,220,234,442,370,197,213,594,1,30,True,False,Monster/yy_3_L1-0,
100141,141,飞翼掠食者,fylsz_L1,fylsz,1,虫族,normal,2,18,9096,2802,794,794,210,237,458,321,203,202,547,1,30,True,False,Monster/fylsz_L1-0,
100147,147,嗜血哈鲁,sxhl_L1,sxhl,1,虫族,normal,2,18,9598,2723,875,849,217,212,430,332,208,220,539,1,30,True,False,Monster/sxhl_L1-0,
100160,160,巨大防御者,jdfyz_L1,jdfyz,1,虫族,normal,2,18,9297,3114,810,781,225,204,462,349,210,194,587,1,30,True,False,Monster/jdfyz_L1-0,
100169,169,变异食人菇,bysrg_L1,bysrg,1,虫族,normal,2,18,10907,2712,808,795,239,218,455,350,204,218,551,1,30,True,False,Monster/bysrg_L1-0,
100173,173,灰毛爬行者,hmpxz_L1,hmpxz,1,虫族,normal,2,18,10915,3137,860,801,224,210,444,367,193,212,548,1,30,True,False,Monster/hmpxz_L1-0,
100178,178,地狱喽喽,dyll_L1,dyll,1,虫族,normal,2,18,11200,2791,782,862,242,206,413,376,215,212,599,1,30,True,False,Monster/dyll_L1-0,
100198,198,菌檀携带者,jtxdz_L1,jtxdz,1,虫族,normal,2,18,7529,2964,807,766,237,206,443,322,220,206,581,1,30,True,False,Monster/jtxdz_L1-0,
100201,201,灰螳螂,htl_L1,htl,1,虫族,normal,2,18,7916,2816,873,864,211,226,421,373,195,212,589,1,30,True,False,Monster/htl_L1-0,
100215,215,狂暴冲击者,kbcjz_L1,kbcjz,1,虫族,normal,2,18,10778,2851,880,863,208,220,426,332,204,212,594,1,30,True,False,Monster/kbcjz_L1-0,
100242,242,菌檀携带者,jtxdz_L1,jtxdz,1,虫族,normal,2,18,7722,3049,888,787,222,228,447,372,205,202,548,1,30,True,False,Monster/jtxdz_L1-0,
100432,432,女王护卫,nwhw_L1,nwhw,1,虫族,normal,2,18,15539,3779,884,776,238,235,460,353,195,196,551,1,30,True,False,Monster/nwhw_L1-0,
100437,437,女王近卫,nwjw_L1,nwjw,1,虫族,normal,2,18,7818,2821,884,814,239,231,436,356,198,215,594,1,30,True,False,Monster/nwjw_L1-0,
100438,438,女王近卫,nwjw_L1,nwjw,1,虫族,normal,2,18,7593,2693,874,830,229,227,465,337,214,205,547,1,30,True,False,Monster/nwjw_L1-0,
100012,12,全能试作机·幻影Ⅰ型·啤酒贩子·中忍I型,qnszjhyixpjfzzrix_L1,qnszjhyixpjfzzrix,1,其他,normal,4,24,13963,3873,1274,1254,344,329,658,530,304,302,940,1,30,True,False,Monster/qnszjhyixpjfzzrix_L1-0,其他/16_1@monster2_全能试作机·幻影Ⅰ型·啤酒贩子·中忍I型.gif
100014,14,格斗R型·狩猎·土著先锋,gdrxsltzxf_L1,gdrxsltzxf,1,其他,normal,4,24,12510,3913,1101,1096,323,364,590,490,303,286,807,1,30,True,False,Monster/gdrxsltzxf_L1-0,其他/34_1@monster4_格斗R型·狩猎·土著先锋.gif
100032,32,亚荷-C1·托雷-C1,yhc1tlc1_L1,yhc1tlc1,1,其他,normal,4,24,12726,4073,1214,1184,321,338,644,521,291,284,801,1,30,True,False,Monster/yhc1tlc1_L1-0,其他/166_1@monster17_亚荷-C1·托雷-C1.gif
100034,34,山猫-RT·土著死士,smrttzss_L1,smrttzss,1,其他,normal,4,24,10077,4438,1178,1229,347,366,647,523,290,307,898,1,30,True,False,Monster/smrttzss_L1-0,其他/106_1@monster11_山猫-RT·土著死士.gif
100055,55,野马Ⅲ,ymiii_L1,ymiii,1,其他,normal,4,24,11159,4444,1119,1114,338,362,687,484,323,298,815,1,30,True,False,Monster/ymiii_L1-0,其他/178_1@monster18_野马Ⅲ.gif
100056,56,沙曼试验机,smsyj_L1,smsyj,1,其他,normal,4,24,10535,4253,1185,1115,371,328,604,517,281,277,831,1,30,True,False,Monster/smsyj_L1-0,其他/55_1@monster6_沙曼试验机.gif
100058,58,尤尼-001·巴尼,yn001bn_L1,yn001bn,1,其他,normal,4,24,12687,4452,1141,1221,334,320,652,530,280,311,931,1,30,True,False,Monster/yn001bn_L1-0,其他/61_1@monster7_尤尼-001·巴尼.gif
100059,59,塔克·斯特A型,tkstax_L1,tkstax,1,其他,normal,4,24,11158,4354,1144,1234,365,356,678,502,322,291,880,1,30,True,False,Monster/tkstax_L1-0,其他/70_1@monster8_塔克·斯特A型.gif
100083,83,灰猫,hm_L1,hm,1,其他,normal,4,24,10742,4375,1273,1148,332,372,622,522,308,322,902,1,30,True,False,Monster/hm_L1-0,其他/49_1@monster5_灰猫.gif
100129,129,战地援护Ⅰ型·临时机甲·罗斯特,zdyhixlsjjlst_L1,zdyhixlsjjlst,1,其他,normal,4,24,11065,4257,1238,1239,328,361,682,484,310,310,921,1,30,True,False,Monster/zdyhixlsjjlst_L1-0,其他/67_1@monster7_战地援护Ⅰ型·临时机甲·罗斯特.gif
100148,148,全能试作机·幻影Ⅰ型·啤酒贩子·中忍I型,qnszjhyixpjfzzrix_L1,qnszjhyixpjfzzrix,1,其他,normal,4,24,13139,4293,1202,1106,360,360,673,474,287,306,804,1,30,True,False,Monster/qnszjhyixpjfzzrix_L1-0,其他/16_1@monster2_全能试作机·幻影Ⅰ型·啤酒贩子·中忍I型.gif
100153,153,格斗R型·狩猎·土著先锋,gdrxsltzxf_L1,gdrxsltzxf,1,其他,normal,4,24,12556,3873,1285,1219,330,334,588,465,309,295,876,1,30,True,False,Monster/gdrxsltzxf_L1-0,其他/34_1@monster4_格斗R型·狩猎·土著先锋.gif
100154,154,雷鸟·刺杀-C·劫匪,lncscjf_L1,lncscjf,1,其他,normal,4,24,10940,4021,1174,1172,320,321,674,487,292,310,835,1,30,True,False,Monster/lncscjf_L1-0,其他/43_1@monster5_雷鸟·刺杀-C·劫匪.gif
100174,174,甲安-Q-001·机甲巡逻兵,jaq001jjxlb_L1,jaq001jjxlb,1,其他,normal,4,24,12190,4068,1194,1197,329,331,588,546,292,286,897,1,30,True,False,Monster/jaq001jjxlb_L1-0,其他/115_1@monster12_甲安-Q-001·机甲巡逻兵.gif
100176,176,亚荷-C1·托雷-C1,yhc1tlc1_L1,yhc1tlc1,1,其他,normal,4,24,12460,4104,1283,1224,333,348,627,497,278,320,840,1,30,True,False,Monster/yhc1tlc1_L1-0,其他/166_1@monster17_亚荷-C1·托雷-C1.gif
100177,177,沙鱼Ⅲ·丛林侦查型·警卫机器人·卖绳的·忍兵陆型,syiiiclzcxjwjqrmsdrblx_L1,syiiiclzcxjwjqrmsdrblx,1,其他,normal,4,24,13509,4279,1218,1180,366,345,638,492,278,283,890,1,30,True,False,Monster/syiiiclzcxjwjqrmsdrblx_L1-0,其他/4_1@monster1_沙鱼Ⅲ·丛林侦查型·警卫机器人·卖绳的·忍兵陆型.gif
100192,192,卡古·卡古Ⅰ·蜜莉雅·战斗用警卫,kgkgimlyzdyjw_L1,kgkgimlyzdyjw,1,其他,normal,4,24,10620,4475,1256,1133,340,326,682,468,306,283,917,1,-1,True,False,Monster/kgkgimlyzdyjw_L1-0,其他/136_1@monster14_卡古·卡古Ⅰ·蜜莉雅·战斗用警卫.gif
100194,194,尤尼-001·巴尼,yn001bn_L1,yn001bn,1,其他,normal,4,24,12400,4444,1240,1250,346,352,620,516,310,306,886,1,-1,True,False,Monster/yn001bn_L1-0,其他/61_1@monster7_尤尼-001·巴尼.gif
100203,203,战地援护Ⅰ型·临时机甲·罗斯特,zdyhixlsjjlst_L1,zdyhixlsjjlst,1,其他,normal,4,24,10674,4252,1138,1190,357,363,625,539,302,287,896,1,-1,True,False,Monster/zdyhixlsjjlst_L1-0,其他/67_1@monster7_战地援护Ⅰ型·临时机甲·罗斯特.gif
100204,204,甲安-Q-001·机甲巡逻兵,jaq001jjxlb_L1,jaq001jjxlb,1,其他,normal,4,24,12217,4387,1136,1152,356,368,610,494,276,299,922,1,25,True,False,Monster/jaq001jjxlb_L1-0,其他/115_1@monster12_甲安-Q-001·机甲巡逻兵.gif
100211,211,斯诺量产型II·机师公会保安,snlcxiijsghba_L1,snlcxiijsghba,1,其他,normal,4,24,10670,4309,1128,1182,327,316,605,484,307,281,918,1,30,True,False,Monster/snlcxiijsghba_L1-0,其他/28_1@monster3_斯诺量产型II·机师公会保安.gif
100213,213,傀儡IX·龙舟保管员,glixlzbgy_L1,glixlzbgy,1,其他,normal,4,24,10196,3948,1167,1217,346,362,681,541,294,292,893,1,30,True,False,Monster/glixlzbgy_L1-0,其他/22_1@monster3_傀儡IX·龙舟保管员.gif
100237,237,陆战Ⅱ·路人·短路的AI,lziilrdldai_L1,lziilrdldai,1,其他,normal,4,24,10512,3882,1234,1141,341,372,628,516,318,284,845,1,30,True,False,Monster/lziilrdldai_L1-0,其他/1_1@monster1_陆战Ⅱ·路人·短路的AI.gif
100238,238,雷米-T-03·黑店服务员,lmt03hdfwy_L1,lmt03hdfwy,1,其他,normal,4,24,11846,4381,1132,1277,329,337,609,504,300,316,808,1,30,True,False,Monster/lmt03hdfwy_L1-0,其他/46_1@monster5_雷米-T-03·黑店服务员.gif
100272,272,欧普-D34,opd34_L1,opd34,1,其他,normal,4,24,10756,4192,1190,1261,341,338,596,470,315,287,802,1,30,True,False,Monster/opd34_L1-0,其他/154_1@monster16_欧普-D34.gif
100276,276,伦卡宇宙型Ⅲ,lkyzxiii_L1,lkyzxiii,1,其他,normal,4,24,11137,4290,1278,1216,364,363,652,465,296,306,934,1,30,True,False,Monster/lkyzxiii_L1-0,其他/10_1@monster2_伦卡宇宙型Ⅲ.gif
100285,285,格斗R型·狩猎·土著先锋,gdrxsltzxf_L1,gdrxsltzxf,1,其他,normal,4,24,12736,3983,1241,1195,344,333,596,514,277,286,896,1,30,True,False,Monster/gdrxsltzxf_L1-0,其他/34_1@monster4_格斗R型·狩猎·土著先锋.gif
100296,296,陆战Ⅱ·路人·短路的AI,lziilrdldai_L1,lziilrdldai,1,其他,normal,4,24,11247,3889,1170,1100,346,364,685,484,287,311,934,1,30,True,False,Monster/lziilrdldai_L1-0,其他/1_1@monster1_陆战Ⅱ·路人·短路的AI.gif
100300,300,卡古·卡古Ⅰ·蜜莉雅·战斗用警卫,kgkgimlyzdyjw_L1,kgkgimlyzdyjw,1,其他,normal,4,24,11755,4198,1280,1114,320,364,668,532,310,279,860,1,30,True,False,Monster/kgkgimlyzdyjw_L1-0,其他/136_1@monster14_卡古·卡古Ⅰ·蜜莉雅·战斗用警卫.gif
100319,319,沙鱼Ⅲ·丛林侦查型·警卫机器人·卖绳的·忍兵陆型,syiiiclzcxjwjqrmsdrblx_L1,syiiiclzcxjwjqrmsdrblx,1,其他,normal,4,24,12888,3981,1153,1154,364,346,618,530,289,274,876,1,30,True,False,Monster/syiiiclzcxjwjqrmsdrblx_L1-0,其他/4_1@monster1_沙鱼Ⅲ·丛林侦查型·警卫机器人·卖绳的·忍兵陆型.gif
100324,324,全能试作机·幻影Ⅰ型·啤酒贩子·中忍I型,qnszjhyixpjfzzrix_L1,qnszjhyixpjfzzrix,1,其他,normal,4,24,12972,4226,1243,1210,332,353,656,504,322,317,897,1,30,True,False,Monster/qnszjhyixpjfzzrix_L1-0,其他/16_1@monster2_全能试作机·幻影Ⅰ型·啤酒贩子·中忍I型.gif
100331,331,傀儡IX·龙舟保管员,glixlzbgy_L1,glixlzbgy,1,其他,normal,4,24,10481,4040,1153,1166,348,338,612,498,305,308,862,1,30,True,False,Monster/glixlzbgy_L1-0,其他/22_1@monster3_傀儡IX·龙舟保管员.gif
100398,398,沙鱼Ⅲ·丛林侦查型·警卫机器人·卖绳的·忍兵陆型,syiiiclzcxjwjqrmsdrblx_L1,syiiiclzcxjwjqrmsdrblx,1,其他,normal,4,24,13141,4518,1159,1247,319,346,674,480,286,301,938,1,30,True,False,Monster/syiiiclzcxjwjqrmsdrblx_L1-0,其他/4_1@monster1_沙鱼Ⅲ·丛林侦查型·警卫机器人·卖绳的·忍兵陆型.gif
100403,403,全能试作机·幻影Ⅰ型·啤酒贩子·中忍I型,qnszjhyixpjfzzrix_L1,qnszjhyixpjfzzrix,1,其他,normal,4,24,13191,4471,1194,1283,377,362,598,544,306,281,872,1,30,True,False,Monster/qnszjhyixpjfzzrix_L1-0,其他/16_1@monster2_全能试作机·幻影Ⅰ型·啤酒贩子·中忍I型.gif
100433,433,虫族女王,cznw_L1,cznw,1,其他,normal,4,24,10266,3986,1204,1254,368,373,598,513,314,314,835,1,30,True,False,Monster/cznw_L1-0,其他/devil31_devil4-è«æå¥³ç.gif
100013,13,全能L型,qnlx_L1,qnlx,1,其他,normal,4,25,14003,4507,1217,1270,367,365,655,494,301,295,927,1,30,True,False,Monster/qnlx_L1-0,其他/37_1@monster4_全能L型.gif
100030,30,量产型努斯-R1,lcxnsr1_L1,lcxnsr1,1,其他,normal,4,25,12877,4637,1325,1289,374,330,693,477,308,314,878,1,30,True,False,Monster/lcxnsr1_L1-0,其他/169_1@monster17_量产型努斯-R1.gif
100033,33,卡古·卡古Ⅰ·蜜莉雅·战斗用警卫,kgkgimlyzdyjw_L1,kgkgimlyzdyjw,1,其他,normal,4,25,11972,4595,1183,1151,365,352,619,482,312,310,865,1,30,True,False,Monster/kgkgimlyzdyjw_L1-0,其他/136_1@monster14_卡古·卡古Ⅰ·蜜莉雅·战斗用警卫.gif
100039,39,多普-I-S3,dpis3_L1,dpis3,1,其他,normal,4,25,14718,4037,1283,1220,391,387,629,523,292,289,864,1,30,True,False,Monster/dpis3_L1-0,其他/157_1@monster16_多普-I-S3.gif
100081,81,雷鸟·刺杀-C·劫匪,lncscjf_L1,lncscjf,1,其他,normal,4,25,11363,4510,1292,1246,392,363,655,561,298,320,837,1,30,True,False,Monster/lncscjf_L1-0,其他/43_1@monster5_雷鸟·刺杀-C·劫匪.gif
100082,82,雷米-T-03·黑店服务员,lmt03hdfwy_L1,lmt03hdfwy,1,其他,normal,4,25,11218,4193,1250,1153,344,369,646,511,332,284,915,1,30,True,False,Monster/lmt03hdfwy_L1-0,其他/46_1@monster5_雷米-T-03·黑店服务员.gif
100084,84,陆战Ⅱ·路人·短路的AI,lziilrdldai_L1,lziilrdldai,1,其他,normal,4,25,11459,4418,1311,1274,369,360,653,556,317,307,918,1,30,True,False,Monster/lziilrdldai_L1-0,其他/1_1@monster1_陆战Ⅱ·路人·短路的AI.gif
100085,85,沙鱼Ⅲ·丛林侦查型·警卫机器人·卖绳的·忍兵陆型,syiiiclzcxjwjqrmsdrblx_L1,syiiiclzcxjwjqrmsdrblx,1,其他,normal,4,25,13488,4199,1161,1292,348,387,703,563,294,284,911,1,30,True,False,Monster/syiiiclzcxjwjqrmsdrblx_L1-0,其他/4_1@monster1_沙鱼Ⅲ·丛林侦查型·警卫机器人·卖绳的·忍兵陆型.gif
100120,120,莫赛-06,ms06_L1,ms06,1,其他,normal,4,25,14222,4157,1293,1270,332,345,633,504,333,302,955,1,30,True,False,Monster/ms06_L1-0,其他/103_1@monster11_莫赛-06.gif
100152,152,土龙Ⅰ号,tlih_L1,tlih,1,其他,normal,4,25,11703,4120,1308,1193,368,384,709,488,284,298,933,1,30,True,False,Monster/tlih_L1-0,其他/160_1@monster17_土龙Ⅰ号.gif
100175,175,塔克·斯特A型,tkstax_L1,tkstax,1,其他,normal,4,25,11471,4099,1162,1196,351,356,706,545,324,331,913,1,30,True,False,Monster/tkstax_L1-0,其他/70_1@monster8_塔克·斯特A型.gif
100190,190,战地援护Ⅰ型·临时机甲·罗斯特,zdyhixlsjjlst_L1,zdyhixlsjjlst,1,其他,normal,4,25,11813,4132,1296,1314,392,366,703,524,314,311,881,1,-1,True,False,Monster/zdyhixlsjjlst_L1-0,其他/67_1@monster7_战地援护Ⅰ型·临时机甲·罗斯特.gif
100225,225,卡古·卡古Ⅰ·蜜莉雅·战斗用警卫,kgkgimlyzdyjw_L1,kgkgimlyzdyjw,1,其他,normal,4,25,11679,4447,1230,1248,373,367,712,497,292,294,842,1,30,True,False,Monster/kgkgimlyzdyjw_L1-0,其他/136_1@monster14_卡古·卡古Ⅰ·蜜莉雅·战斗用警卫.gif
100231,231,雷鸟·刺杀-C·劫匪,lncscjf_L1,lncscjf,1,其他,normal,4,25,10900,4518,1231,1182,381,357,659,500,310,325,938,1,30,True,False,Monster/lncscjf_L1-0,其他/43_1@monster5_雷鸟·刺杀-C·劫匪.gif
100232,232,陆战Ⅱ·路人·短路的AI,lziilrdldai_L1,lziilrdldai,1,其他,normal,4,25,11635,4483,1240,1210,338,328,688,523,284,323,841,1,30,True,False,Monster/lziilrdldai_L1-0,其他/1_1@monster1_陆战Ⅱ·路人·短路的AI.gif
100233,233,雷米-T-03·黑店服务员,lmt03hdfwy_L1,lmt03hdfwy,1,其他,normal,4,25,11276,4414,1320,1262,388,335,660,562,307,310,973,1,30,True,False,Monster/lmt03hdfwy_L1-0,其他/46_1@monster5_雷米-T-03·黑店服务员.gif
100236,236,雷鸟·刺杀-C·劫匪,lncscjf_L1,lncscjf,1,其他,normal,4,25,10620,4455,1278,1189,363,338,618,523,319,312,948,1,30,True,False,Monster/lncscjf_L1-0,其他/43_1@monster5_雷鸟·刺杀-C·劫匪.gif
100278,278,伦卡泛用型Ⅳ,lkfyxiv_L1,lkfyxiv,1,其他,normal,4,25,13836,4659,1182,1141,344,328,608,542,326,325,871,1,30,True,False,Monster/lkfyxiv_L1-0,其他/76_1@monster8_伦卡泛用型Ⅳ.gif
100288,288,山猫-RT·土著死士,smrttzss_L1,smrttzss,1,其他,normal,4,25,10412,4125,1252,1224,381,378,656,522,328,303,872,1,30,True,False,Monster/smrttzss_L1-0,其他/106_1@monster11_山猫-RT·土著死士.gif
100292,292,沙鱼Ⅲ·丛林侦查型·警卫机器人·卖绳的·忍兵陆型,syiiiclzcxjwjqrmsdrblx_L1,syiiiclzcxjwjqrmsdrblx,1,其他,normal,4,25,13238,4712,1264,1192,379,359,666,521,301,287,931,1,30,True,False,Monster/syiiiclzcxjwjqrmsdrblx_L1-0,其他/4_1@monster1_沙鱼Ⅲ·丛林侦查型·警卫机器人·卖绳的·忍兵陆型.gif
100334,334,斯诺量产型II·机师公会保安,snlcxiijsghba_L1,snlcxiijsghba,1,其他,normal,4,25,11806,4536,1298,1152,339,380,714,484,290,304,977,1,30,True,False,Monster/snlcxiijsghba_L1-0,其他/28_1@monster3_斯诺量产型II·机师公会保安.gif
100277,277,伦卡宇宙型Ⅴ·智能AI,lkyzxvznai_L2,lkyzxvznai,2,其他,normal,4,26,7820,3921,1308,1230,383,355,682,550,342,320,876,1,30,True,False,Monster/lkyzxvznai_L2-0,其他/11_2@monster2_伦卡宇宙型Ⅴ·智能AI.gif
100273,273,欧普-D40,opd40_L2,opd40,2,其他,normal,4,27,8833,4632,1399,1278,364,359,716,584,348,317,910,1,30,True,False,Monster/opd40_L2-0,其他/155_2@monster16_欧普-D40.gif
100015,15,全能N型,qnnx_L2,qnnx,2,其他,normal,4,28,13003,5022,1274,1448,389,382,736,524,310,321,974,1,30,True,False,Monster/qnnx_L2-0,其他/38_2@monster4_全能N型.gif
100017,17,卡罗·射击G型,klsjgx_L2,klsjgx,2,其他,normal,4,28,12726,4780,1406,1454,428,430,760,558,360,311,1015,1,30,True,False,Monster/klsjgx_L2-0,其他/41_2@monster5_卡罗·射击G型.gif
100027,27,全能N型,qnnx_L2,qnnx,2,其他,normal,4,28,12776,4614,1298,1451,404,393,740,578,343,350,980,1,30,True,False,Monster/qnnx_L2-0,其他/38_2@monster4_全能N型.gif
100029,29,格斗T型·狩猎-改·邪恶陆战机甲·格雷·土著精英,gdtxslgxelzjjgltzjy_L2,gdtxslgxelzjjgltzjy,2,其他,normal,4,28,12263,4575,1388,1268,396,415,756,554,342,322,973,1,30,True,False,Monster/gdtxslgxelzjjgltzjy_L2-0,其他/35_2@monster4_格斗T型·狩猎-改·邪恶陆战机甲·格雷·土著精英.gif
100052,52,量产型努斯-R5·劫匪,lcxnsr5jf_L2,lcxnsr5jf,2,其他,normal,4,28,14587,5127,1349,1306,389,368,707,549,313,351,993,1,30,True,False,Monster/lcxnsr5jf_L2-0,其他/170_2@monster18_量产型努斯-R5·劫匪.gif
100060,60,多普-I-S5,dpis5_L2,dpis5,2,其他,normal,4,28,13740,4668,1325,1363,396,383,682,574,356,332,1062,1,30,True,False,Monster/dpis5_L2-0,其他/158_2@monster16_多普-I-S5.gif
100080,80,塔克斯·幻境守卫·土匪,tkshjswtf_L2,tkshjswtf,2,其他,normal,4,28,12442,5120,1263,1277,371,425,722,615,309,310,984,1,30,True,False,Monster/tkshjswtf_L2-0,其他/71_2@monster8_塔克斯·幻境守卫·土匪.gif
100086,86,雷鸟Ⅳ·马家部队·刺杀G,lnivmjbdcsg_L2,lnivmjbdcsg,2,其他,normal,4,28,13354,4776,1276,1258,395,428,764,570,341,320,1027,1,30,True,False,Monster/lnivmjbdcsg_L2-0,其他/44_2@monster5_雷鸟Ⅳ·马家部队·刺杀G.gif
100087,87,陆战Ⅵ·维修机器人·后勤机器人,lzviwxjqrhqjqr_L2,lzviwxjqrhqjqr,2,其他,normal,4,28,13169,4673,1443,1351,422,428,674,541,329,327,953,1,30,True,False,Monster/lzviwxjqrhqjqr_L2-0,其他/2_2@monster1_陆战Ⅵ·维修机器人·后勤机器人.gif
100088,88,沙鱼改·丛林防御型·泰森·反恐警卫·卖墨的·忍兵空型,sygclfyxtsfkjwmmdrbkx_L2,sygclfyxtsfkjwmmdrbkx,2,其他,normal,4,28,11499,4773,1448,1454,370,367,700,597,309,362,963,1,30,True,False,Monster/sygclfyxtsfkjwmmdrbkx_L2-0,其他/5_2@monster1_沙鱼改·丛林防御型·泰森·反恐警卫·卖墨的·忍兵空型.gif
100089,89,亲卫队·雷米-T-05·幽灵拦截者,qwdlmt05ylljz_L2,qwdlmt05ylljz,2,其他,normal,4,28,12116,4816,1422,1380,391,389,678,535,339,353,1055,1,30,True,False,Monster/qwdlmt05ylljz_L2-0,其他/47_2@monster5_亲卫队·雷米-T-05·幽灵拦截者.gif
100122,122,亲卫队·雷米-T-05·幽灵拦截者,qwdlmt05ylljz_L2,qwdlmt05ylljz,2,其他,normal,4,28,11802,4696,1368,1243,413,421,711,550,310,337,998,1,30,True,False,Monster/qwdlmt05ylljz_L2-0,其他/47_2@monster5_亲卫队·雷米-T-05·幽灵拦截者.gif
100123,123,天鹰战队·灰猫-改,tyzdhmg_L2,tyzdhmg,2,其他,normal,4,28,11543,4632,1336,1298,411,412,717,552,307,350,1086,1,30,True,False,Monster/tyzdhmg_L2-0,其他/50_2@monster6_天鹰战队·灰猫-改.gif
100159,159,雷鸟Ⅳ·马家部队·刺杀G,lnivmjbdcsg_L2,lnivmjbdcsg,2,其他,normal,4,28,13787,4803,1419,1436,387,406,710,550,330,338,993,1,30,True,False,Monster/lnivmjbdcsg_L2-0,其他/44_2@monster5_雷鸟Ⅳ·马家部队·刺杀G.gif
100181,181,沙鱼改·丛林防御型·泰森·反恐警卫·卖墨的·忍兵空型,sygclfyxtsfkjwmmdrbkx_L2,sygclfyxtsfkjwmmdrbkx,2,其他,normal,4,28,12048,4573,1370,1442,436,403,722,604,338,308,1034,1,30,True,False,Monster/sygclfyxtsfkjwmmdrbkx_L2-0,其他/5_2@monster1_沙鱼改·丛林防御型·泰森·反恐警卫·卖墨的·忍兵空型.gif
100209,209,莫赛-10·贾克斯·守卫者IX,ms10jksswzix_L2,ms10jksswzix,2,其他,normal,4,28,11505,4627,1348,1407,379,411,712,613,331,328,1020,1,50,True,False,Monster/ms10jksswzix_L2-0,其他/104_2@monster11_莫赛-10·贾克斯·守卫者IX.gif
100234,234,塔克斯·幻境守卫·土匪,tkshjswtf_L2,tkshjswtf,2,其他,normal,4,28,13052,5144,1264,1308,429,428,664,593,339,330,1035,1,30,True,False,Monster/tkshjswtf_L2-0,其他/71_2@monster8_塔克斯·幻境守卫·土匪.gif
100253,253,卡西罗,kxl_L2,kxl,2,其他,normal,4,28,13547,4577,1242,1346,388,381,764,602,352,337,1069,1,30,True,False,Monster/kxl_L2-0,其他/152_2@monster16_卡西罗.gif
100264,264,亚荷-C2·幻境守卫·无人机甲精英,yhc2hjswwrjjjy_L2,yhc2hjswwrjjjy,2,其他,normal,4,28,13424,5143,1449,1316,392,409,706,563,346,321,1069,1,30,True,False,Monster/yhc2hjswwrjjjy_L2-0,其他/167_2@monster17_亚荷-C2·幻境守卫·无人机甲精英.gif
100268,268,甲安-Q-01W·守卫IX,jaq01wswix_L2,jaq01wswix,2,其他,normal,4,28,14907,4554,1282,1438,389,406,746,590,316,355,1035,1,30,True,False,Monster/jaq01wswix_L2-0,其他/116_2@monster12_甲安-Q-01W·守卫IX.gif
100283,283,伦卡宇宙型Ⅴ·智能AI,lkyzxvznai_L2,lkyzxvznai,2,其他,normal,4,28,13469,9120,1343,1355,400,429,678,526,314,358,961,1,30,True,False,Monster/lkyzxvznai_L2-0,其他/11_2@monster2_伦卡宇宙型Ⅴ·智能AI.gif
100298,298,陆战Ⅵ·维修机器人·后勤机器人,lzviwxjqrhqjqr_L2,lzviwxjqrhqjqr,2,其他,normal,4,28,13667,4755,1392,1404,418,418,713,520,338,341,1010,1,30,True,False,Monster/lzviwxjqrhqjqr_L2-0,其他/2_2@monster1_陆战Ⅵ·维修机器人·后勤机器人.gif
100301,301,卡古MK·智能AI,kgmkznai_L2,kgmkznai,2,其他,normal,4,28,13185,4555,1459,1408,406,405,698,578,338,338,1055,1,30,True,False,Monster/kgmkznai_L2-0,其他/137_2@monster14_卡古MK·智能AI.gif
100325,325,幻影Ⅱ型·洋酒贩子·中忍II型,hyiixyjfzzriix_L2,hyiixyjfzzriix,2,其他,normal,4,28,10747,4653,1287,1406,400,382,697,530,320,341,1003,1,30,True,False,Monster/hyiixyjfzzriix_L2-0,其他/17_2@monster2_幻影Ⅱ型·洋酒贩子·中忍II型.gif
100016,16,格斗T型·狩猎-改·邪恶陆战机甲·格雷·土著精英,gdtxslgxelzjjgltzjy_L2,gdtxslgxelzjjgltzjy,2,其他,normal,4,29,13153,5193,1407,1274,421,407,797,587,338,371,1081,1,30,True,False,Monster/gdtxslgxelzjjgltzjy_L2-0,其他/35_2@monster4_格斗T型·狩猎-改·邪恶陆战机甲·格雷·土著精英.gif
100028,28,卡罗·射击G型,klsjgx_L2,klsjgx,2,其他,normal,4,29,13430,5306,1426,1324,403,404,714,600,352,348,994,1,30,True,False,Monster/klsjgx_L2-0,其他/41_2@monster5_卡罗·射击G型.gif
100035,35,量产型努斯-R5·劫匪,lcxnsr5jf_L2,lcxnsr5jf,2,其他,normal,4,29,15650,4964,1445,1359,386,418,778,591,325,323,986,1,30,True,False,Monster/lcxnsr5jf_L2-0,其他/170_2@monster18_量产型努斯-R5·劫匪.gif
100037,37,亚荷-C2·幻境守卫·无人机甲精英,yhc2hjswwrjjjy_L2,yhc2hjswwrjjjy,2,其他,normal,4,29,13958,5147,1401,1344,388,382,715,559,346,360,1063,1,30,True,False,Monster/yhc2hjswwrjjjy_L2-0,其他/167_2@monster17_亚荷-C2·幻境守卫·无人机甲精英.gif
100038,38,卡古MK·智能AI,kgmkznai_L2,kgmkznai,2,其他,normal,4,29,12117,5066,1299,1292,424,433,683,622,331,334,958,1,30,True,False,Monster/kgmkznai_L2-0,其他/137_2@monster14_卡古MK·智能AI.gif
100040,40,山猫-OB·土著神眷者,smobtzsjz_L2,smobtzsjz,2,其他,normal,4,29,15138,4581,1358,1327,410,427,720,544,356,338,1072,1,30,True,False,Monster/smobtzsjz_L2-0,其他/107_2@monster11_山猫-OB·土著神眷者.gif
100054,54,亚荷-C2·幻境守卫·无人机甲精英,yhc2hjswwrjjjy_L2,yhc2hjswwrjjjy,2,其他,normal,4,29,14068,4955,1327,1304,407,407,687,596,325,371,1002,1,30,True,False,Monster/yhc2hjswwrjjjy_L2-0,其他/167_2@monster17_亚荷-C2·幻境守卫·无人机甲精英.gif
100061,61,沙曼量产机,smlcj_L2,smlcj,2,其他,normal,4,29,12338,5136,1444,1467,410,410,782,604,371,332,956,1,30,True,False,Monster/smlcj_L2-0,其他/56_2@monster6_沙曼量产机.gif
100063,63,尤尼-03S,yn03s_L2,yn03s,2,其他,normal,4,29,13558,5149,1389,1488,386,384,682,536,363,346,956,1,30,True,False,Monster/yn03s_L2-0,其他/62_2@monster7_尤尼-03S.gif
100064,64,塔克斯·幻境守卫·土匪,tkshjswtf_L2,tkshjswtf,2,其他,normal,4,29,12072,4724,1281,1406,418,387,692,617,316,344,957,1,30,True,False,Monster/tkshjswtf_L2-0,其他/71_2@monster8_塔克斯·幻境守卫·土匪.gif
100065,65,野马Ⅶ,ymvii_L2,ymvii,2,其他,normal,4,29,12792,4792,1351,1424,453,390,679,625,366,332,1124,1,30,True,False,Monster/ymvii_L2-0,其他/179_2@monster18_野马Ⅶ.gif
100077,77,沙曼量产机,smlcj_L2,smlcj,2,其他,normal,4,29,12874,4672,1430,1470,387,390,787,583,325,342,978,1,30,True,False,Monster/smlcj_L2-0,其他/56_2@monster6_沙曼量产机.gif
100079,79,尤尼-03S,yn03s_L2,yn03s,2,其他,normal,4,29,13682,4797,1351,1334,409,423,748,559,359,320,982,1,30,True,False,Monster/yn03s_L2-0,其他/62_2@monster7_尤尼-03S.gif
100090,90,天鹰战队·灰猫-改,tyzdhmg_L2,tyzdhmg,2,其他,normal,4,29,12856,5351,1318,1400,398,422,790,555,358,316,1127,1,30,True,False,Monster/tyzdhmg_L2-0,其他/50_2@monster6_天鹰战队·灰猫-改.gif
100124,124,沙鱼改·丛林防御型·泰森·反恐警卫·卖墨的·忍兵空型,sygclfyxtsfkjwmmdrbkx_L2,sygclfyxtsfkjwmmdrbkx,2,其他,normal,4,29,12575,4859,1309,1316,404,446,712,544,316,330,1008,1,30,True,False,Monster/sygclfyxtsfkjwmmdrbkx_L2-0,其他/5_2@monster1_沙鱼改·丛林防御型·泰森·反恐警卫·卖墨的·忍兵空型.gif
100125,125,莫赛-10·贾克斯·守卫者IX,ms10jksswzix_L2,ms10jksswzix,2,其他,normal,4,29,11375,5020,1438,1388,436,413,752,548,316,325,1014,1,30,True,False,Monster/ms10jksswzix_L2-0,其他/104_2@monster11_莫赛-10·贾克斯·守卫者IX.gif
100130,130,战地援护Ⅱ型·无人机甲,zdyhiixwrjj_L2,zdyhiixwrjj,2,其他,normal,4,29,11078,5064,1283,1434,451,446,706,628,335,362,988,1,30,True,False,Monster/zdyhiixwrjj_L2-0,其他/68_2@monster7_战地援护Ⅱ型·无人机甲.gif
100134,134,陆战Ⅵ·维修机器人·后勤机器人,lzviwxjqrhqjqr_L2,lzviwxjqrhqjqr,2,其他,normal,4,29,13514,5264,1384,1430,430,433,706,568,334,367,1017,1,30,True,False,Monster/lzviwxjqrhqjqr_L2-0,其他/2_2@monster1_陆战Ⅵ·维修机器人·后勤机器人.gif
100155,155,幻影Ⅱ型·洋酒贩子·中忍II型,hyiixyjfzzriix_L2,hyiixyjfzzriix,2,其他,normal,4,29,11687,4667,1359,1467,410,395,752,583,352,337,1103,1,30,True,False,Monster/hyiixyjfzzriix_L2-0,其他/17_2@monster2_幻影Ⅱ型·洋酒贩子·中忍II型.gif
100157,157,土龙Ⅷ号,tlviiih_L2,tlviiih,2,其他,normal,4,29,14827,4825,1370,1332,435,426,710,562,358,349,1061,1,30,True,False,Monster/tlviiih_L2-0,其他/161_2@monster17_土龙Ⅷ号.gif
100158,158,格斗T型·狩猎-改·邪恶陆战机甲·格雷·土著精英,gdtxslgxelzjjgltzjy_L2,gdtxslgxelzjjgltzjy,2,其他,normal,4,29,13871,4728,1382,1329,385,428,776,550,317,356,966,1,30,True,False,Monster/gdtxslgxelzjjgltzjy_L2-0,其他/35_2@monster4_格斗T型·狩猎-改·邪恶陆战机甲·格雷·土著精英.gif
100179,179,甲安-Q-01W·守卫IX,jaq01wswix_L2,jaq01wswix,2,其他,normal,4,29,15962,4644,1362,1354,427,424,757,597,355,363,1124,1,30,True,False,Monster/jaq01wswix_L2-0,其他/116_2@monster12_甲安-Q-01W·守卫IX.gif
100182,182,塔克斯·幻境守卫·土匪,tkshjswtf_L2,tkshjswtf,2,其他,normal,4,29,12623,5226,1445,1499,448,438,713,570,365,356,1129,1,30,True,False,Monster/tkshjswtf_L2-0,其他/71_2@monster8_塔克斯·幻境守卫·土匪.gif
100183,183,亚荷-C2·幻境守卫·无人机甲精英,yhc2hjswwrjjjy_L2,yhc2hjswwrjjjy,2,其他,normal,4,29,14255,5283,1430,1290,443,431,760,580,356,321,964,1,30,True,False,Monster/yhc2hjswwrjjjy_L2-0,其他/167_2@monster17_亚荷-C2·幻境守卫·无人机甲精英.gif
100193,193,雷鸟Ⅳ·马家部队·刺杀G,lnivmjbdcsg_L2,lnivmjbdcsg,2,其他,normal,4,29,13499,5225,1438,1420,393,379,735,573,347,328,1005,1,-1,True,False,Monster/lnivmjbdcsg_L2-0,其他/44_2@monster5_雷鸟Ⅳ·马家部队·刺杀G.gif
100195,195,沙鱼改·丛林防御型·泰森·反恐警卫·卖墨的·忍兵空型,sygclfyxtsfkjwmmdrbkx_L2,sygclfyxtsfkjwmmdrbkx,2,其他,normal,4,29,12317,5409,1434,1312,418,427,690,624,358,316,1032,1,-1,True,False,Monster/sygclfyxtsfkjwmmdrbkx_L2-0,其他/5_2@monster1_沙鱼改·丛林防御型·泰森·反恐警卫·卖墨的·忍兵空型.gif
100196,196,莫赛-10·贾克斯·守卫者IX,ms10jksswzix_L2,ms10jksswzix,2,其他,normal,4,29,12035,4858,1287,1398,395,385,797,551,371,364,1122,1,-1,True,False,Monster/ms10jksswzix_L2-0,其他/104_2@monster11_莫赛-10·贾克斯·守卫者IX.gif
100208,208,亲卫队·雷米-T-05·幽灵拦截者,qwdlmt05ylljz_L2,qwdlmt05ylljz,2,其他,normal,4,29,12762,5209,1312,1472,395,380,725,619,345,318,1121,1,45,True,False,Monster/qwdlmt05ylljz_L2-0,其他/47_2@monster5_亲卫队·雷米-T-05·幽灵拦截者.gif
100216,216,格斗T型·狩猎-改·邪恶陆战机甲·格雷·土著精英,gdtxslgxelzjjgltzjy_L2,gdtxslgxelzjjgltzjy,2,其他,normal,4,29,12399,4900,1492,1297,419,437,713,620,347,349,1108,1,30,True,False,Monster/gdtxslgxelzjjgltzjy_L2-0,其他/35_2@monster4_格斗T型·狩猎-改·邪恶陆战机甲·格雷·土著精英.gif
100217,217,斯诺量产型IIX·机师公会厨师,snlcxiixjsghcs_L2,snlcxiixjsghcs,2,其他,normal,4,29,14603,4568,1292,1363,437,438,682,607,359,368,1091,1,30,True,False,Monster/snlcxiixjsghcs_L2-0,其他/29_2@monster3_斯诺量产型IIX·机师公会厨师.gif
100220,220,量产型努斯-R5·劫匪,lcxnsr5jf_L2,lcxnsr5jf,2,其他,normal,4,29,15596,4669,1414,1374,419,400,784,539,367,330,1102,1,30,True,False,Monster/lcxnsr5jf_L2-0,其他/170_2@monster18_量产型努斯-R5·劫匪.gif
100224,224,格斗T型·狩猎-改·邪恶陆战机甲·格雷·土著精英,gdtxslgxelzjjgltzjy_L2,gdtxslgxelzjjgltzjy,2,其他,normal,4,29,12585,5078,1340,1408,410,408,685,598,331,327,1011,1,30,True,False,Monster/gdtxslgxelzjjgltzjy_L2-0,其他/35_2@monster4_格斗T型·狩猎-改·邪恶陆战机甲·格雷·土著精英.gif
100239,239,塔克斯·幻境守卫·土匪,tkshjswtf_L2,tkshjswtf,2,其他,normal,4,29,13476,4774,1310,1426,436,424,771,626,318,353,1120,1,30,True,False,Monster/tkshjswtf_L2-0,其他/71_2@monster8_塔克斯·幻境守卫·土匪.gif
100266,266,战地援护Ⅱ型·无人机甲,zdyhiixwrjj_L2,zdyhiixwrjj,2,其他,normal,4,29,11989,5330,1446,1328,403,383,748,587,319,327,1066,1,30,True,False,Monster/zdyhiixwrjj_L2-0,其他/68_2@monster7_战地援护Ⅱ型·无人机甲.gif
100269,269,巡查CP,xccp_L2,xccp,2,其他,normal,4,29,14771,6005,1453,1412,415,446,788,625,342,330,1014,1,30,True,False,Monster/xccp_L2-0,其他/176_2@monster18_巡查CP.gif
100271,271,神风队员,sfdy_L2,sfdy,2,其他,normal,4,29,12396,4560,1304,1298,423,443,786,602,338,371,957,1,30,True,False,Monster/sfdy_L2-0,其他/86_2@monster9_神风队员.gif
100279,279,伦卡泛用型Ⅵ,lkfyxvi_L2,lkfyxvi,2,其他,normal,4,29,11727,5295,1390,1424,443,403,734,624,347,332,1021,1,30,True,False,Monster/lkfyxvi_L2-0,其他/77_2@monster8_伦卡泛用型Ⅵ.gif
100280,280,伦卡精英型,lkjyx_L2,lkjyx,2,其他,normal,4,29,12096,5015,1358,1323,418,437,764,598,346,319,1078,1,30,True,False,Monster/lkjyx_L2-0,其他/14_2@monster2_伦卡精英型.gif
100286,286,格斗T型·狩猎-改·邪恶陆战机甲·格雷·土著精英,gdtxslgxelzjjgltzjy_L2,gdtxslgxelzjjgltzjy,2,其他,normal,4,29,13460,4819,1348,1378,424,434,746,632,320,335,1110,1,30,True,False,Monster/gdtxslgxelzjjgltzjy_L2-0,其他/35_2@monster4_格斗T型·狩猎-改·邪恶陆战机甲·格雷·土著精英.gif
100289,289,山猫-OB·土著神眷者,smobtzsjz_L2,smobtzsjz,2,其他,normal,4,29,14886,4608,1347,1428,435,412,796,586,336,321,1059,1,30,True,False,Monster/smobtzsjz_L2-0,其他/107_2@monster11_山猫-OB·土著神眷者.gif
100293,293,沙鱼改·丛林防御型·泰森·反恐警卫·卖墨的·忍兵空型,sygclfyxtsfkjwmmdrbkx_L2,sygclfyxtsfkjwmmdrbkx,2,其他,normal,4,29,11668,5152,1329,1318,404,391,790,573,320,366,991,1,30,True,False,Monster/sygclfyxtsfkjwmmdrbkx_L2-0,其他/5_2@monster1_沙鱼改·丛林防御型·泰森·反恐警卫·卖墨的·忍兵空型.gif
100297,297,陆战Ⅵ·维修机器人·后勤机器人,lzviwxjqrhqjqr_L2,lzviwxjqrhqjqr,2,其他,normal,4,29,13740,4944,1330,1488,389,409,728,550,321,350,1019,1,30,True,False,Monster/lzviwxjqrhqjqr_L2-0,其他/2_2@monster1_陆战Ⅵ·维修机器人·后勤机器人.gif
100320,320,沙鱼改·丛林防御型·泰森·反恐警卫·卖墨的·忍兵空型,sygclfyxtsfkjwmmdrbkx_L2,sygclfyxtsfkjwmmdrbkx,2,其他,normal,4,29,11400,4960,1288,1350,391,428,698,597,328,334,1031,1,30,True,False,Monster/sygclfyxtsfkjwmmdrbkx_L2-0,其他/5_2@monster1_沙鱼改·丛林防御型·泰森·反恐警卫·卖墨的·忍兵空型.gif
100335,335,斯诺量产型IIX·机师公会厨师,snlcxiixjsghcs_L2,snlcxiixjsghcs,2,其他,normal,4,29,15115,4875,1490,1442,403,393,779,618,351,323,1118,1,30,True,False,Monster/snlcxiixjsghcs_L2-0,其他/29_2@monster3_斯诺量产型IIX·机师公会厨师.gif
100399,399,沙鱼改·丛林防御型·泰森·反恐警卫·卖墨的·忍兵空型,sygclfyxtsfkjwmmdrbkx_L2,sygclfyxtsfkjwmmdrbkx,2,其他,normal,4,29,12130,5290,1310,1347,428,410,714,590,320,361,994,1,30,True,False,Monster/sygclfyxtsfkjwmmdrbkx_L2-0,其他/5_2@monster1_沙鱼改·丛林防御型·泰森·反恐警卫·卖墨的·忍兵空型.gif
100404,404,幻影Ⅱ型·洋酒贩子·中忍II型,hyiixyjfzzriix_L2,hyiixyjfzzriix,2,其他,normal,4,29,12130,4903,1454,1271,409,422,712,603,373,366,1123,1,30,True,False,Monster/hyiixyjfzzriix_L2-0,其他/17_2@monster2_幻影Ⅱ型·洋酒贩子·中忍II型.gif
100426,426,神秘追踪者,smzzz_L2,smzzz,2,其他,normal,4,29,13503,4707,1289,1388,435,433,709,594,331,345,1127,1,30,True,False,Monster/smzzz_L2-0,其他/119_2@monster9_神秘追踪者.gif
100427,427,不明机甲,bmjj_L2,bmjj,2,其他,normal,4,29,14350,4808,1413,1486,439,439,689,587,373,332,1088,1,30,True,False,Monster/bmjj_L2-0,其他/122_2@monster9_不明机甲.gif
100092,92,张吕,zl_L3,zl,3,其他,normal,5,31,10429,5746,1538,1481,503,437,789,718,357,364,1108,1,30,True,False,Monster/zl_L3-0,其他/180_3@monster19_张吕.gif
100067,67,萨克斯·土著祭祀,skstzjs_L3,skstzjs,3,其他,normal,5,33,15947,6347,1518,1594,501,464,844,740,426,402,1325,1,30,True,False,Monster/skstzjs_L3-0,其他/36_3@monster4_萨克斯·土著祭祀.gif
100128,128,坤立·贝利尔,klble_L3,klble,3,其他,normal,5,33,16303,5643,1511,1508,508,539,877,657,438,407,1358,1,30,True,False,Monster/klble_L3-0,其他/72_3@monster8_坤立·贝利尔.gif
100133,133,霸羽·霸洪·防御辅助AI·紧急维修辅助AI·猎犬·指挥官近卫,bybhfyfzaijjwxfzailqzhgjw_L3,bybhfyfzaijjwxfzailqzhgjw,3,其他,normal,5,33,16979,6109,1574,1744,547,512,844,638,387,398,1288,1,30,True,False,Monster/bybhfyfzaijjwxfzailqzhgjw_L3-0,其他/138_3@monster14_霸羽·霸洪·防御辅助AI·紧急维修辅助AI·猎犬·指挥官近卫.gif
100185,185,利维坦,lwt_L3,lwt,3,其他,normal,5,33,14546,5668,1697,1708,509,488,909,635,409,430,1215,1,30,True,False,Monster/lwt_L3-0,其他/48_3@monster5_利维坦.gif
100188,188,别西卜,bxb_L3,bxb,3,其他,normal,5,33,16266,6401,1696,1753,497,463,919,738,376,418,1375,1,30,True,False,Monster/bxb_L3-0,其他/57_3@monster6_别西卜.gif
100189,189,坤立·贝利尔,klble_L3,klble,3,其他,normal,5,33,17302,5802,1785,1664,520,508,908,744,412,436,1211,1,30,True,False,Monster/klble_L3-0,其他/72_3@monster8_坤立·贝利尔.gif
100199,199,多隆·神风队长,dlsfdz_L3,dlsfdz,3,其他,normal,5,33,16210,5904,1735,1726,534,516,934,742,445,399,1298,1,30,True,False,Monster/dlsfdz_L3-0,其他/69_3@monster7_多隆·神风队长.gif
100207,207,狂暴杀戮者,kbslz_L3,kbslz,3,其他,normal,5,33,16315,5881,1655,1762,536,531,831,656,443,406,1172,1,25,True,False,Monster/kbslz_L3-0,其他/51_3@monster6_狂暴杀戮者.gif
100210,210,残暴之力,cbzl_L3,cbzl,3,其他,normal,5,33,15679,6500,1658,1684,546,493,850,649,410,427,1246,1,30,True,False,Monster/cbzl_L3-0,其他/24_3@monster3_残暴之力.gif
100219,219,虫族女王·魔化女王·双子座·巨蟹座·狮子座·处女座·天秤座·天蝎座·射手座·摩羯座·水瓶座·双鱼座,cznwmhnwszzjxzszzcnztcztxzsszmjzspzsyz_L3,cznwmhnwszzjxzszzcnztcztxzsszmjzspzsyz,3,其他,normal,5,33,13475,5953,1612,1707,523,509,855,728,443,380,1199,1,30,True,False,Monster/cznwmhnwszzjxzszzcnztcztxzsszmjzspzsyz_L3-0,其他/162_3@monster17_虫族女王·魔化女王·双子座·巨蟹座·狮子座·处女座·天秤座·天蝎座·射手座·摩羯座·水瓶座·双鱼座.gif
100222,222,霸羽·霸洪·防御辅助AI·紧急维修辅助AI·猎犬·指挥官近卫,bybhfyfzaijjwxfzailqzhgjw_L3,bybhfyfzaijjwxfzailqzhgjw,3,其他,normal,5,33,16219,6403,1790,1737,546,518,807,748,445,376,1325,1,30,True,False,Monster/bybhfyfzaijjwxfzailqzhgjw_L3-0,其他/138_3@monster14_霸羽·霸洪·防御辅助AI·紧急维修辅助AI·猎犬·指挥官近卫.gif
100243,243,多隆·神风队长,dlsfdz_L3,dlsfdz,3,其他,normal,5,33,15911,6357,1785,1538,507,464,839,734,388,441,1280,1,30,True,False,Monster/dlsfdz_L3-0,其他/69_3@monster7_多隆·神风队长.gif
100270,270,多隆·神风队长,dlsfdz_L3,dlsfdz,3,其他,normal,5,33,16680,5825,1699,1758,535,525,868,666,382,403,1356,1,30,True,False,Monster/dlsfdz_L3-0,其他/69_3@monster7_多隆·神风队长.gif
100282,282,凯丽,kl_3_L3,kl_3,3,其他,normal,5,33,15997,6379,1648,1537,519,518,955,670,436,444,1309,1,30,True,False,Monster/kl_3_L3-0,其他/12_3@monster2_凯丽.gif
100290,290,玛蒙·土著长老,mmtzzl_L3,mmtzzl,3,其他,normal,5,33,14732,6465,1512,1694,550,533,918,693,438,382,1203,1,30,True,False,Monster/mmtzzl_L3-0,其他/108_3@monster11_玛蒙·土著长老.gif
100321,321,卖药的·忍兵海型,mydrbhx_L3,mydrbhx,3,其他,normal,5,33,17065,5604,1780,1534,521,500,821,703,420,410,1217,1,30,True,False,Monster/mydrbhx_L3-0,其他/6_3@monster1_卖药的·忍兵海型.gif
100336,336,机师公会精英会员·联盟守卫者·无辜的野牛·好基友,jsghjyhylmswzwgdynhjy_L3,jsghjyhylmswzwgdynhjy,3,其他,normal,5,33,15586,5614,1593,1607,540,514,842,722,416,405,1262,1,30,True,False,Monster/jsghjyhylmswzwgdynhjy_L3-0,其他/30_3@monster4_机师公会精英会员·联盟守卫者·无辜的野牛·好基友.gif
100342,342,机师公会精英会员·联盟守卫者·无辜的野牛·好基友,jsghjyhylmswzwgdynhjy_L3,jsghjyhylmswzwgdynhjy,3,其他,normal,5,33,15412,5951,1685,1751,504,477,916,713,407,382,1283,1,30,True,False,Monster/jsghjyhylmswzwgdynhjy_L3-0,其他/30_3@monster4_机师公会精英会员·联盟守卫者·无辜的野牛·好基友.gif
100357,357,机师公会精英会员·联盟守卫者·无辜的野牛·好基友,jsghjyhylmswzwgdynhjy_L3,jsghjyhylmswzwgdynhjy,3,其他,normal,5,33,16208,5626,1772,1633,522,500,832,744,389,402,1306,1,30,True,False,Monster/jsghjyhylmswzwgdynhjy_L3-0,其他/30_3@monster4_机师公会精英会员·联盟守卫者·无辜的野牛·好基友.gif
100369,369,机师公会精英会员·联盟守卫者·无辜的野牛·好基友,jsghjyhylmswzwgdynhjy_L3,jsghjyhylmswzwgdynhjy,3,其他,normal,5,33,16619,5689,1579,1709,547,479,876,654,400,409,1172,1,30,True,False,Monster/jsghjyhylmswzwgdynhjy_L3-0,其他/30_3@monster4_机师公会精英会员·联盟守卫者·无辜的野牛·好基友.gif
100372,372,机师公会精英会员·联盟守卫者·无辜的野牛·好基友,jsghjyhylmswzwgdynhjy_L3,jsghjyhylmswzwgdynhjy,3,其他,normal,5,33,15954,5800,1606,1569,500,470,860,676,435,438,1353,1,30,True,False,Monster/jsghjyhylmswzwgdynhjy_L3-0,其他/30_3@monster4_机师公会精英会员·联盟守卫者·无辜的野牛·好基友.gif
100400,400,卖药的·忍兵海型,mydrbhx_L3,mydrbhx,3,其他,normal,5,33,17042,5493,1755,1557,542,530,863,744,426,411,1227,1,30,True,False,Monster/mydrbhx_L3-0,其他/6_3@monster1_卖药的·忍兵海型.gif
100401,401,霸羽·霸洪·防御辅助AI·紧急维修辅助AI·猎犬·指挥官近卫,bybhfyfzaijjwxfzailqzhgjw_L3,bybhfyfzaijjwxfzailqzhgjw,3,其他,normal,5,33,16690,5513,1634,1616,526,525,940,694,417,442,1257,1,30,True,False,Monster/bybhfyfzaijjwxfzailqzhgjw_L3-0,其他/138_3@monster14_霸羽·霸洪·防御辅助AI·紧急维修辅助AI·猎犬·指挥官近卫.gif
100407,407,员工A·员工B·开山重兵I型·开山重兵II型,ygaygbkszbixkszbiix_L3,ygaygbkszbixkszbiix,3,其他,normal,5,33,16163,5616,1712,1520,540,464,837,677,380,430,1344,1,30,True,False,Monster/ygaygbkszbixkszbiix_L3-0,其他/18_3@monster2_员工A·员工B·开山重兵I型·开山重兵II型.gif
100408,408,员工A·员工B·开山重兵I型·开山重兵II型,ygaygbkszbixkszbiix_L3,ygaygbkszbixkszbiix,3,其他,normal,5,33,15776,6304,1787,1526,510,496,949,711,425,423,1218,1,30,True,False,Monster/ygaygbkszbixkszbiix_L3-0,其他/18_3@monster2_员工A·员工B·开山重兵I型·开山重兵II型.gif
100434,434,方舟AI,fzai_L3,fzai,3,其他,normal,5,33,13921,5675,1644,1727,501,470,909,638,421,444,1353,1,30,True,False,Monster/fzai_L3-0,其他/153_3@monster16_方舟AI.gif
100439,439,虫族女王·魔化女王·双子座·巨蟹座·狮子座·处女座·天秤座·天蝎座·射手座·摩羯座·水瓶座·双鱼座,cznwmhnwszzjxzszzcnztcztxzsszmjzspzsyz_L3,cznwmhnwszzjxzszzcnztcztxzsszmjzspzsyz,3,其他,normal,5,33,12793,5512,1748,1694,512,501,934,686,426,410,1222,1,30,True,False,Monster/cznwmhnwszzjxzszzcnztcztxzsszmjzspzsyz_L3-0,其他/162_3@monster17_虫族女王·魔化女王·双子座·巨蟹座·狮子座·处女座·天秤座·天蝎座·射手座·摩羯座·水瓶座·双鱼座.gif
100441,441,红蜘蛛,hzz_L3,hzz,3,其他,normal,5,33,17500,6119,1790,1533,498,488,914,656,382,395,1352,1,30,True,False,Monster/hzz_L3-0,其他/102_3@monster11_红蜘蛛.gif
100442,442,机师公会精英会员·联盟守卫者·无辜的野牛·好基友,jsghjyhylmswzwgdynhjy_L3,jsghjyhylmswzwgdynhjy,3,其他,normal,5,33,16960,6318,1697,1671,498,475,855,659,444,391,1227,1,30,True,False,Monster/jsghjyhylmswzwgdynhjy_L3-0,其他/30_3@monster4_机师公会精英会员·联盟守卫者·无辜的野牛·好基友.gif
100452,452,虫族女王·魔化女王·双子座·巨蟹座·狮子座·处女座·天秤座·天蝎座·射手座·摩羯座·水瓶座·双鱼座,cznwmhnwszzjxzszzcnztcztxzsszmjzspzsyz_L3,cznwmhnwszzjxzszzcnztcztxzsszmjzspzsyz,3,其他,normal,5,33,13595,6334,1539,1523,550,514,906,655,418,409,1345,1,30,True,False,Monster/cznwmhnwszzjxzszzcnztcztxzsszmjzspzsyz_L3-0,其他/162_3@monster17_虫族女王·魔化女王·双子座·巨蟹座·狮子座·处女座·天秤座·天蝎座·射手座·摩羯座·水瓶座·双鱼座.gif
100453,453,虫族女王·魔化女王·双子座·巨蟹座·狮子座·处女座·天秤座·天蝎座·射手座·摩羯座·水瓶座·双鱼座,cznwmhnwszzjxzszzcnztcztxzsszmjzspzsyz_L3,cznwmhnwszzjxzszzcnztcztxzsszmjzspzsyz,3,其他,normal,5,33,13666,5804,1636,1726,526,464,849,744,389,382,1231,1,30,True,False,Monster/cznwmhnwszzjxzszzcnztcztxzsszmjzspzsyz_L3-0,其他/162_3@monster17_虫族女王·魔化女王·双子座·巨蟹座·狮子座·处女座·天秤座·天蝎座·射手座·摩羯座·水瓶座·双鱼座.gif
100458,458,虫族女王·魔化女王·双子座·巨蟹座·狮子座·处女座·天秤座·天蝎座·射手座·摩羯座·水瓶座·双鱼座,cznwmhnwszzjxzszzcnztcztxzsszmjzspzsyz_L3,cznwmhnwszzjxzszzcnztcztxzsszmjzspzsyz,3,其他,normal,5,33,13561,6006,1619,1588,544,518,904,753,377,428,1188,1,30,True,False,Monster/cznwmhnwszzjxzszzcnztcztxzsszmjzspzsyz_L3-0,其他/162_3@monster17_虫族女王·魔化女王·双子座·巨蟹座·狮子座·处女座·天秤座·天蝎座·射手座·摩羯座·水瓶座·双鱼座.gif
100460,460,虫族女王·魔化女王·双子座·巨蟹座·狮子座·处女座·天秤座·天蝎座·射手座·摩羯座·水瓶座·双鱼座,cznwmhnwszzjxzszzcnztcztxzsszmjzspzsyz_L3,cznwmhnwszzjxzszzcnztcztxzsszmjzspzsyz,3,其他,normal,5,33,14388,5532,1648,1571,520,544,864,665,407,377,1375,1,30,True,False,Monster/cznwmhnwszzjxzszzcnztcztxzsszmjzspzsyz_L3-0,其他/162_3@monster17_虫族女王·魔化女王·双子座·巨蟹座·狮子座·处女座·天秤座·天蝎座·射手座·摩羯座·水瓶座·双鱼座.gif
100018,18,卡特,kt_L3,kt,3,其他,normal,5,34,16513,6269,1646,1779,508,560,914,738,410,400,1202,1,30,True,False,Monster/kt_L3-0,其他/39_3@monster4_卡特.gif
100043,43,哈尔,he_L3,he,3,其他,normal,5,34,16164,6252,1638,1804,542,559,872,704,400,416,1331,1,30,True,False,Monster/he_L3-0,其他/168_3@monster17_哈尔.gif
100068,68,莱克,lk_L3,lk,3,其他,normal,5,34,15159,5830,1622,1598,483,498,839,764,386,435,1262,1,30,True,False,Monster/lk_L3-0,其他/42_3@monster5_莱克.gif
100132,132,试验机体·巡逻机器人,syjtxljqr_L3,syjtxljqr,3,其他,normal,5,34,16295,5762,1583,1700,504,513,934,650,403,444,1367,1,30,True,False,Monster/syjtxljqr_L3-0,其他/3_3@monster1_试验机体·巡逻机器人.gif
100161,161,贾谷,jg_L3,jg,3,其他,normal,5,34,15220,6265,1654,1592,539,562,842,655,430,438,1284,1,30,True,False,Monster/jg_L3-0,其他/63_3@monster7_贾谷.gif
100162,162,考夫基·考夫基分身,kfjkfjfs_L3,kfjkfjfs,3,其他,normal,5,34,14632,6201,1818,1768,562,516,827,770,413,397,1408,1,30,True,False,Monster/kfjkfjfs_L3-0,其他/45_3@monster5_考夫基·考夫基分身.gif
100184,184,阿斯蒙蒂斯,asmds_L3,asmds,3,其他,normal,5,34,17479,5771,1701,1730,553,482,957,719,400,417,1393,1,30,True,False,Monster/asmds_L3-0,其他/159_3@monster16_阿斯蒙蒂斯.gif
100186,186,萨麦尔,sme_L3,sme,3,其他,normal,5,34,15579,6565,1770,1661,533,477,933,739,428,440,1386,1,30,True,False,Monster/sme_L3-0,其他/120_3@monster13_萨麦尔.gif
100187,187,玛蒙·土著长老,mmtzzl_L3,mmtzzl,3,其他,normal,5,34,15712,6050,1736,1598,490,501,846,740,453,453,1216,1,30,True,False,Monster/mmtzzl_L3-0,其他/108_3@monster11_玛蒙·土著长老.gif
100202,202,白影,by_L3,by,3,其他,normal,5,34,15964,6029,1708,1650,547,508,826,706,409,453,1389,1,30,True,False,Monster/by_L3-0,其他/171_3@monster18_白影.gif
100212,212,末日终结者,mrzjz_L3,mrzjz,3,其他,normal,5,34,13862,6142,1672,1701,508,534,969,720,440,431,1352,1,30,True,False,Monster/mrzjz_L3-0,其他/54_3@monster6_末日终结者.gif
100223,223,考夫基·考夫基分身,kfjkfjfs_L3,kfjkfjfs,3,其他,normal,5,34,15720,6492,1828,1558,530,504,938,763,384,443,1291,1,30,True,False,Monster/kfjkfjfs_L3-0,其他/45_3@monster5_考夫基·考夫基分身.gif
100246,246,白影,by_L3,by,3,其他,normal,5,34,15489,5633,1765,1564,497,540,877,717,402,392,1267,1,30,True,False,Monster/by_L3-0,其他/171_3@monster18_白影.gif
100287,287,萨克斯·土著祭祀,skstzjs_L3,skstzjs,3,其他,normal,5,34,17500,6101,1641,1787,540,539,926,734,412,388,1412,1,30,True,False,Monster/skstzjs_L3-0,其他/36_3@monster4_萨克斯·土著祭祀.gif
100299,299,试验机体·巡逻机器人,syjtxljqr_L3,syjtxljqr,3,其他,normal,5,34,16979,6418,1714,1599,547,503,953,767,436,452,1212,1,30,True,False,Monster/syjtxljqr_L3-0,其他/3_3@monster1_试验机体·巡逻机器人.gif
100302,302,霸羽·霸洪·防御辅助AI·紧急维修辅助AI·猎犬·指挥官近卫,bybhfyfzaijjwxfzailqzhgjw_L3,bybhfyfzaijjwxfzailqzhgjw,3,其他,normal,5,34,15833,6059,1736,1742,501,551,828,716,429,423,1255,1,30,True,False,Monster/bybhfyfzaijjwxfzailqzhgjw_L3-0,其他/138_3@monster14_霸羽·霸洪·防御辅助AI·紧急维修辅助AI·猎犬·指挥官近卫.gif
100303,303,霸羽·霸洪·防御辅助AI·紧急维修辅助AI·猎犬·指挥官近卫,bybhfyfzaijjwxfzailqzhgjw_L3,bybhfyfzaijjwxfzailqzhgjw,3,其他,normal,5,34,17306,6598,1604,1588,524,500,940,660,454,426,1408,1,30,True,False,Monster/bybhfyfzaijjwxfzailqzhgjw_L3-0,其他/138_3@monster14_霸羽·霸洪·防御辅助AI·紧急维修辅助AI·猎犬·指挥官近卫.gif
100322,322,霸羽·霸洪·防御辅助AI·紧急维修辅助AI·猎犬·指挥官近卫,bybhfyfzaijjwxfzailqzhgjw_L3,bybhfyfzaijjwxfzailqzhgjw,3,其他,normal,5,34,16919,6407,1607,1600,513,530,869,725,429,413,1310,1,30,True,False,Monster/bybhfyfzaijjwxfzailqzhgjw_L3-0,其他/138_3@monster14_霸羽·霸洪·防御辅助AI·紧急维修辅助AI·猎犬·指挥官近卫.gif
100328,328,员工A·员工B·开山重兵I型·开山重兵II型,ygaygbkszbixkszbiix_L3,ygaygbkszbixkszbiix,3,其他,normal,5,34,16210,5598,1582,1574,532,515,977,731,400,445,1203,1,30,True,False,Monster/ygaygbkszbixkszbiix_L3-0,其他/18_3@monster2_员工A·员工B·开山重兵I型·开山重兵II型.gif
100329,329,员工A·员工B·开山重兵I型·开山重兵II型,ygaygbkszbixkszbiix_L3,ygaygbkszbixkszbiix,3,其他,normal,5,34,15332,6375,1820,1801,483,526,956,702,400,449,1364,1,30,True,False,Monster/ygaygbkszbixkszbiix_L3-0,其他/18_3@monster2_员工A·员工B·开山重兵I型·开山重兵II型.gif
100339,339,机师公会精英会员·联盟守卫者·无辜的野牛·好基友,jsghjyhylmswzwgdynhjy_L3,jsghjyhylmswzwgdynhjy,3,其他,normal,5,34,15920,6101,1630,1642,531,487,875,653,428,414,1346,1,30,True,False,Monster/jsghjyhylmswzwgdynhjy_L3-0,其他/30_3@monster4_机师公会精英会员·联盟守卫者·无辜的野牛·好基友.gif
100345,345,机师公会精英会员·联盟守卫者·无辜的野牛·好基友,jsghjyhylmswzwgdynhjy_L3,jsghjyhylmswzwgdynhjy,3,其他,normal,5,34,15890,6013,1674,1652,502,482,891,720,442,443,1254,1,30,True,False,Monster/jsghjyhylmswzwgdynhjy_L3-0,其他/30_3@monster4_机师公会精英会员·联盟守卫者·无辜的野牛·好基友.gif
100348,348,机师公会精英会员·联盟守卫者·无辜的野牛·好基友,jsghjyhylmswzwgdynhjy_L3,jsghjyhylmswzwgdynhjy,3,其他,normal,5,34,16677,5922,1673,1655,499,488,885,720,408,394,1382,1,30,True,False,Monster/jsghjyhylmswzwgdynhjy_L3-0,其他/30_3@monster4_机师公会精英会员·联盟守卫者·无辜的野牛·好基友.gif
100351,351,机师公会精英会员·联盟守卫者·无辜的野牛·好基友,jsghjyhylmswzwgdynhjy_L3,jsghjyhylmswzwgdynhjy,3,其他,normal,5,34,16670,5778,1678,1689,525,562,939,749,422,447,1418,1,30,True,False,Monster/jsghjyhylmswzwgdynhjy_L3-0,其他/30_3@monster4_机师公会精英会员·联盟守卫者·无辜的野牛·好基友.gif
100354,354,机师公会精英会员·联盟守卫者·无辜的野牛·好基友,jsghjyhylmswzwgdynhjy_L3,jsghjyhylmswzwgdynhjy,3,其他,normal,5,34,17031,6385,1717,1558,538,478,894,730,426,454,1401,1,30,True,False,Monster/jsghjyhylmswzwgdynhjy_L3-0,其他/30_3@monster4_机师公会精英会员·联盟守卫者·无辜的野牛·好基友.gif
100360,360,机师公会精英会员·联盟守卫者·无辜的野牛·好基友,jsghjyhylmswzwgdynhjy_L3,jsghjyhylmswzwgdynhjy,3,其他,normal,5,34,16219,5982,1704,1699,502,518,890,742,415,415,1276,1,30,True,False,Monster/jsghjyhylmswzwgdynhjy_L3-0,其他/30_3@monster4_机师公会精英会员·联盟守卫者·无辜的野牛·好基友.gif
100363,363,机师公会精英会员·联盟守卫者·无辜的野牛·好基友,jsghjyhylmswzwgdynhjy_L3,jsghjyhylmswzwgdynhjy,3,其他,normal,5,34,16063,6373,1652,1568,518,546,964,747,445,408,1316,1,30,True,False,Monster/jsghjyhylmswzwgdynhjy_L3-0,其他/30_3@monster4_机师公会精英会员·联盟守卫者·无辜的野牛·好基友.gif
100366,366,机师公会精英会员·联盟守卫者·无辜的野牛·好基友,jsghjyhylmswzwgdynhjy_L3,jsghjyhylmswzwgdynhjy,3,其他,normal,5,34,16099,6671,1686,1552,520,560,955,758,438,416,1360,1,30,True,False,Monster/jsghjyhylmswzwgdynhjy_L3-0,其他/30_3@monster4_机师公会精英会员·联盟守卫者·无辜的野牛·好基友.gif
100428,428,神秘机甲,smjj_L3,smjj,3,其他,normal,5,34,17342,6072,1624,1743,507,510,964,753,425,427,1224,1,30,True,False,Monster/smjj_L3-0,其他/78_3@monster9_神秘机甲.gif
100435,435,方舟AI,fzai_L3,fzai,3,其他,normal,5,34,15283,6492,1804,1790,544,520,924,680,402,448,1387,1,30,True,False,Monster/fzai_L3-0,其他/153_3@monster16_方舟AI.gif
100443,443,机师公会精英会员·联盟守卫者·无辜的野牛·好基友,jsghjyhylmswzwgdynhjy_L3,jsghjyhylmswzwgdynhjy,3,其他,normal,5,34,17440,6721,1653,1772,557,479,860,660,411,399,1257,1,30,True,False,Monster/jsghjyhylmswzwgdynhjy_L3-0,其他/30_3@monster4_机师公会精英会员·联盟守卫者·无辜的野牛·好基友.gif
100454,454,虫族女王·魔化女王·双子座·巨蟹座·狮子座·处女座·天秤座·天蝎座·射手座·摩羯座·水瓶座·双鱼座,cznwmhnwszzjxzszzcnztcztxzsszmjzspzsyz_L3,cznwmhnwszzjxzszzcnztcztxzsszmjzspzsyz,3,其他,normal,5,34,14040,6039,1726,1695,520,536,832,682,431,439,1292,1,30,True,False,Monster/cznwmhnwszzjxzszzcnztcztxzsszmjzspzsyz_L3-0,其他/162_3@monster17_虫族女王·魔化女王·双子座·巨蟹座·狮子座·处女座·天秤座·天蝎座·射手座·摩羯座·水瓶座·双鱼座.gif
100455,455,虫族女王·魔化女王·双子座·巨蟹座·狮子座·处女座·天秤座·天蝎座·射手座·摩羯座·水瓶座·双鱼座,cznwmhnwszzjxzszzcnztcztxzsszmjzspzsyz_L3,cznwmhnwszzjxzszzcnztcztxzsszmjzspzsyz,3,其他,normal,5,34,14243,5866,1730,1673,513,474,849,672,440,417,1345,1,30,True,False,Monster/cznwmhnwszzjxzszzcnztcztxzsszmjzspzsyz_L3-0,其他/162_3@monster17_虫族女王·魔化女王·双子座·巨蟹座·狮子座·处女座·天秤座·天蝎座·射手座·摩羯座·水瓶座·双鱼座.gif
100456,456,虫族女王·魔化女王·双子座·巨蟹座·狮子座·处女座·天秤座·天蝎座·射手座·摩羯座·水瓶座·双鱼座,cznwmhnwszzjxzszzcnztcztxzsszmjzspzsyz_L3,cznwmhnwszzjxzszzcnztcztxzsszmjzspzsyz,3,其他,normal,5,34,13315,5687,1667,1637,528,506,898,683,384,445,1251,1,30,True,False,Monster/cznwmhnwszzjxzszzcnztcztxzsszmjzspzsyz_L3-0,其他/162_3@monster17_虫族女王·魔化女王·双子座·巨蟹座·狮子座·处女座·天秤座·天蝎座·射手座·摩羯座·水瓶座·双鱼座.gif
100457,457,虫族女王·魔化女王·双子座·巨蟹座·狮子座·处女座·天秤座·天蝎座·射手座·摩羯座·水瓶座·双鱼座,cznwmhnwszzjxzszzcnztcztxzsszmjzspzsyz_L3,cznwmhnwszzjxzszzcnztcztxzsszmjzspzsyz,3,其他,normal,5,34,14544,5857,1607,1630,500,492,915,743,386,383,1205,1,30,True,False,Monster/cznwmhnwszzjxzszzcnztcztxzsszmjzspzsyz_L3-0,其他/162_3@monster17_虫族女王·魔化女王·双子座·巨蟹座·狮子座·处女座·天秤座·天蝎座·射手座·摩羯座·水瓶座·双鱼座.gif
100459,459,虫族女王·魔化女王·双子座·巨蟹座·狮子座·处女座·天秤座·天蝎座·射手座·摩羯座·水瓶座·双鱼座,cznwmhnwszzjxzszzcnztcztxzsszmjzspzsyz_L3,cznwmhnwszzjxzszzcnztcztxzsszmjzspzsyz,3,其他,normal,5,34,14051,6322,1622,1788,558,554,913,767,422,396,1421,1,30,True,False,Monster/cznwmhnwszzjxzszzcnztcztxzsszmjzspzsyz_L3-0,其他/162_3@monster17_虫族女王·魔化女王·双子座·巨蟹座·狮子座·处女座·天秤座·天蝎座·射手座·摩羯座·水瓶座·双鱼座.gif
100461,461,虫族女王·魔化女王·双子座·巨蟹座·狮子座·处女座·天秤座·天蝎座·射手座·摩羯座·水瓶座·双鱼座,cznwmhnwszzjxzszzcnztcztxzsszmjzspzsyz_L3,cznwmhnwszzjxzszzcnztcztxzsszmjzspzsyz,3,其他,normal,5,34,13309,6600,1623,1788,563,509,926,716,387,412,1239,1,30,True,False,Monster/cznwmhnwszzjxzszzcnztcztxzsszmjzspzsyz_L3-0,其他/162_3@monster17_虫族女王·魔化女王·双子座·巨蟹座·狮子座·处女座·天秤座·天蝎座·射手座·摩羯座·水瓶座·双鱼座.gif
100197,197,卡拉多兽,mon_temp_L1,mon_temp,1,临时机甲,normal,2,8,2538,1175,468,478,103,111,267,232,129,133,250,1,30,True,True,Monster/temp_L1-0,
100241,241,卡拉多兽,mon_temp_L1,mon_temp,1,临时机甲,normal,2,8,2438,1127,491,467,106,99,256,228,136,122,263,1,30,True,True,Monster/temp_L1-0,
100091,91,多角狂暴兽,mon_temp_L1,mon_temp,1,临时机甲,normal,2,9,3002,1764,575,564,121,108,286,230,146,131,268,1,30,True,True,Monster/temp_L1-0,
100240,240,三眼骨虫,mon_temp_L1,mon_temp,1,临时机甲,normal,2,9,2480,1295,578,496,128,112,308,229,148,136,268,1,30,True,True,Monster/temp_L1-0,
100315,315,糖果大盗,mon_temp_L1,mon_temp,1,临时机甲,normal,2,9,2467,1411,554,549,120,112,309,224,148,142,284,1,50,True,True,Monster/temp_L1-0,
100418,418,被感染的机甲,mon_temp_L1,mon_temp,1,临时机甲,normal,2,9,2824,1273,563,533,125,111,298,240,137,129,294,1,30,True,True,Monster/temp_L1-0,
100448,448,彩灯大盗,mon_temp_L1,mon_temp,1,临时机甲,normal,2,9,2823,1302,501,562,122,116,301,243,139,132,286,1,50,True,True,Monster/temp_L1-0,
100235,235,三眼骨虫,mon_temp_L1,mon_temp,1,临时机甲,normal,2,10,2696,1492,542,574,123,133,307,244,134,138,324,1,30,True,True,Monster/temp_L1-0,
100417,417,加斯达,mon_temp_L1,mon_temp,1,临时机甲,normal,2,10,3316,1995,571,533,127,125,286,232,135,144,339,1,30,True,True,Monster/temp_L1-0,
100095,95,血腥潜伏蝎,mon_temp_L1,mon_temp,1,临时机甲,normal,2,11,5484,1877,592,570,143,137,303,255,141,144,360,1,30,True,True,Monster/temp_L1-0,
100100,100,水晶触手怪,mon_temp_L1,mon_temp,1,临时机甲,normal,2,11,6199,2076,610,562,145,143,335,263,151,149,321,1,30,True,True,Monster/temp_L1-0,
100114,114,獠牙刺蛇,mon_temp_L1,mon_temp,1,临时机甲,normal,2,11,6214,1984,629,647,140,131,321,242,161,142,352,1,30,True,True,Monster/temp_L1-0,
100146,146,生化猩猩,mon_temp_L1,mon_temp,1,临时机甲,normal,2,11,6501,1799,599,623,132,149,343,249,149,141,371,1,30,True,True,Monster/temp_L1-0,
100149,149,水银吞噬者,mon_temp_L1,mon_temp,1,临时机甲,normal,2,11,6834,1955,604,645,148,130,302,274,149,165,352,1,30,True,True,Monster/temp_L1-0,
100274,274,死亡星云,mon_temp_L1,mon_temp,1,临时机甲,normal,2,11,8956,1883,569,588,151,140,320,256,144,142,352,1,30,True,True,Monster/temp_L1-0,
100011,11,多基态狼,mon_temp_L1,mon_temp,1,临时机甲,normal,2,12,14736,2020,586,597,148,148,362,265,151,154,403,1,30,True,True,Monster/temp_L1-0,
100076,76,刺针无角虫,mon_temp_L1,mon_temp,1,临时机甲,normal,2,12,5955,1974,583,602,143,145,354,275,152,150,355,1,30,True,True,Monster/temp_L1-0,
100094,94,独眼铁臂,mon_temp_L1,mon_temp,1,临时机甲,normal,2,12,7038,1802,665,634,148,158,348,250,148,163,351,1,30,True,True,Monster/temp_L1-0,
100097,97,残暴潜伏蝎,mon_temp_L1,mon_temp,1,临时机甲,normal,2,12,5817,2009,630,644,166,141,314,248,152,148,389,1,30,True,True,Monster/temp_L1-0,
100098,98,光能触手怪,mon_temp_L1,mon_temp,1,临时机甲,normal,2,12,6071,2131,600,638,158,148,362,270,149,155,391,1,30,True,True,Monster/temp_L1-0,
100099,99,双足巨镰,mon_temp_L1,mon_temp,1,临时机甲,normal,2,12,6149,1967,680,651,166,140,320,284,160,152,369,1,30,True,True,Monster/temp_L1-0,
100104,104,邪恶使徒,mon_temp_L1,mon_temp,1,临时机甲,normal,2,12,6065,1970,588,607,161,150,365,261,165,173,402,1,30,True,True,Monster/temp_L1-0,
100105,105,金甲无角虫,mon_temp_L1,mon_temp,1,临时机甲,normal,2,12,6125,2019,617,662,159,147,328,278,169,171,373,1,30,True,True,Monster/temp_L1-0,
100115,115,首脑八爪怪,mon_temp_L1,mon_temp,1,临时机甲,normal,2,12,7178,1950,648,631,150,148,351,282,153,156,376,1,30,True,True,Monster/temp_L1-0,
100116,116,异空刺蛇,mon_temp_L1,mon_temp,1,临时机甲,normal,2,12,5675,2192,592,677,162,140,339,258,151,151,384,1,30,True,True,Monster/temp_L1-0,
100117,117,变异八爪怪,mon_temp_L1,mon_temp,1,临时机甲,normal,2,12,7442,1852,646,635,148,155,335,282,156,152,390,1,30,True,True,Monster/temp_L1-0,
100118,118,紫镰毒蜘,mon_temp_L1,mon_temp,1,临时机甲,normal,2,12,5869,2150,660,619,155,142,363,264,158,166,388,1,30,True,True,Monster/temp_L1-0,
100145,145,飞翼暴龙,mon_temp_L1,mon_temp,1,临时机甲,normal,2,12,6964,2302,681,595,163,150,327,289,151,149,347,1,30,True,True,Monster/temp_L1-0,
100170,170,魔化植物,mon_temp_L1,mon_temp,1,临时机甲,normal,2,12,7206,2184,590,630,157,158,341,250,167,164,358,1,30,True,True,Monster/temp_L1-0,
100171,171,魔化食人菇,mon_temp_L1,mon_temp,1,临时机甲,normal,2,12,9144,2226,674,596,148,144,359,285,159,163,367,1,30,True,True,Monster/temp_L1-0,
100172,172,独眼侦查者,mon_temp_L1,mon_temp,1,临时机甲,normal,2,12,5203,2025,658,670,161,149,316,249,164,158,353,1,30,True,True,Monster/temp_L1-0,
100180,180,飞翼恶魔,mon_temp_L1,mon_temp,1,临时机甲,normal,2,12,7071,2147,595,620,166,144,313,263,154,158,394,1,30,True,True,Monster/temp_L1-0,
100191,191,蠕动的幼虫,mon_temp_L1,mon_temp,1,临时机甲,normal,2,12,5548,1950,592,611,152,143,330,281,149,158,404,1,-1,True,True,Monster/temp_L1-0,
100205,205,嗜血者,mon_temp_L1,mon_temp,1,临时机甲,normal,2,12,7721,2061,590,678,157,140,342,256,149,163,394,1,45,True,True,Monster/temp_L1-0,
100206,206,挖掘者,mon_temp_L1,mon_temp,1,临时机甲,normal,2,12,8001,1990,622,639,145,160,362,290,171,155,392,1,50,True,True,Monster/temp_L1-0,
100214,214,血腥追踪者,mon_temp_L1,mon_temp,1,临时机甲,normal,2,12,7868,1965,679,592,166,140,346,268,172,150,354,1,30,True,True,Monster/temp_L1-0,
100218,218,灾难赋予者IIIX,mon_temp_L1,mon_temp,1,临时机甲,normal,2,12,9388,2131,628,640,151,161,367,270,155,164,381,1,30,True,True,Monster/temp_L1-0,
100247,247,变异水银怪,mon_temp_L1,mon_temp,1,临时机甲,normal,2,12,8742,1970,626,590,164,148,350,286,165,155,371,1,30,True,True,Monster/temp_L1-0,
100250,250,寄生卡古,mon_temp_L1,mon_temp,1,临时机甲,normal,2,12,7240,1916,661,652,143,159,326,259,166,165,371,1,30,True,True,Monster/temp_L1-0,
100251,251,死亡蜥蜴,mon_temp_L1,mon_temp,1,临时机甲,normal,2,12,6573,2029,663,667,166,148,338,287,157,166,365,1,30,True,True,Monster/temp_L1-0,
100281,281,拉莫利,mon_temp_L1,mon_temp,1,临时机甲,normal,2,12,16048,14174,586,631,142,161,324,265,171,153,381,1,30,True,True,Monster/temp_L1-0,
100291,291,扎瓦齐,mon_temp_L1,mon_temp,1,临时机甲,normal,2,12,17500,7858,633,616,146,163,332,256,157,160,360,1,30,True,True,Monster/temp_L1-0,
100294,294,拟态机器人,mon_temp_L1,mon_temp,1,临时机甲,normal,2,12,9711,8015,636,638,154,149,333,248,172,159,375,1,30,True,True,Monster/temp_L1-0,
100419,419,桑古鲁斯,mon_temp_L1,mon_temp,1,临时机甲,normal,2,12,5446,3484,663,615,149,152,332,290,170,164,395,1,30,True,True,Monster/temp_L1-0,
100420,420,被感染的机甲,mon_temp_L1,mon_temp,1,临时机甲,normal,2,12,4683,3122,634,635,145,140,353,262,161,163,391,1,30,True,True,Monster/temp_L1-0,
100421,421,被感染的机甲,mon_temp_L1,mon_temp,1,临时机甲,normal,2,12,5343,3047,627,605,151,161,342,274,174,153,394,1,30,True,True,Monster/temp_L1-0,
100423,423,桑古鲁斯,mon_temp_L1,mon_temp,1,临时机甲,normal,2,12,17500,3785,646,646,158,148,316,266,165,164,359,1,30,True,True,Monster/temp_L1-0,
100424,424,被感染的机甲,mon_temp_L1,mon_temp,1,临时机甲,normal,2,12,13702,3569,663,616,148,162,336,254,163,161,388,1,30,True,True,Monster/temp_L1-0,
100430,430,铁甲虫,mon_temp_L1,mon_temp,1,临时机甲,normal,2,12,9186,2036,602,630,152,147,366,284,158,168,372,1,30,True,True,Monster/temp_L1-0,
100436,436,受伤的黄蜂,mon_temp_L1,mon_temp,1,临时机甲,normal,2,12,9365,2116,596,599,154,144,344,278,163,162,378,1,30,True,True,Monster/temp_L1-0,
100450,450,金牛座,mon_temp_L1,mon_temp,1,临时机甲,normal,2,12,17500,3584,608,626,143,141,328,271,165,150,384,1,30,True,True,Monster/temp_L1-0,
100451,451,双子座,mon_temp_L1,mon_temp,1,临时机甲,normal,2,12,17500,3030,602,588,145,157,320,254,163,153,387,1,30,True,True,Monster/temp_L1-0,
100050,50,无序触手怪,mon_temp_L1,mon_temp,1,临时机甲,normal,2,13,6294,2367,706,675,163,161,372,292,174,177,410,1,30,True,True,Monster/temp_L1-0,
100096,96,斯多石兽,mon_temp_L1,mon_temp,1,临时机甲,normal,2,13,5870,2044,673,669,171,167,359,302,156,175,386,1,30,True,True,Monster/temp_L1-0,
100101,101,血腥收割者,mon_temp_L1,mon_temp,1,临时机甲,normal,2,13,7197,2375,656,622,170,175,376,290,179,169,373,1,30,True,True,Monster/temp_L1-0,
100102,102,漆黑污染者,mon_temp_L1,mon_temp,1,临时机甲,normal,2,13,7581,2196,626,701,165,154,330,298,161,177,380,1,30,True,True,Monster/temp_L1-0,
100103,103,环刺无角虫,mon_temp_L1,mon_temp,1,临时机甲,normal,2,13,6559,2123,694,645,158,173,380,302,156,171,419,1,30,True,True,Monster/temp_L1-0,
100143,143,独角掠食者,mon_temp_L1,mon_temp,1,临时机甲,normal,2,13,7673,2313,628,647,167,166,328,302,177,178,419,1,30,True,True,Monster/temp_L1-0,
100144,144,猩猩坦克手,mon_temp_L1,mon_temp,1,临时机甲,normal,2,13,6294,2250,701,698,154,172,351,294,171,158,421,1,30,True,True,Monster/temp_L1-0,
100249,249,核心水银怪,mon_temp_L1,mon_temp,1,临时机甲,normal,2,13,8609,2057,674,614,161,167,352,275,160,180,406,1,30,True,True,Monster/temp_L1-0,
100304,304,外星人提利昂,mon_temp_L1,mon_temp,1,临时机甲,normal,2,13,16246,4687,659,713,155,154,370,278,156,164,427,1,30,True,True,Monster/temp_L1-0,
100422,422,加斯达,mon_temp_L1,mon_temp,1,临时机甲,normal,2,13,12643,3846,662,688,179,155,362,285,181,177,384,1,30,True,True,Monster/temp_L1-0,
100425,425,凯尔,mon_temp_L1,mon_temp,1,临时机甲,normal,2,13,17500,3679,645,628,176,154,336,287,156,161,375,1,30,True,True,Monster/temp_L1-0,
100057,57,迅猛,xm_2_L1,xm_2,1,普通机甲I,normal,2,14,6476,2022,740,746,176,175,388,285,178,163,439,1,30,True,False,Monster/xm_2_L1-0,普通机甲I/58_1@monster6-迅猛｜初·基扎原型机.gif
100062,62,迅猛,xm_2_L2,xm_2,2,普通机甲I,normal,2,19,8390,2764,916,896,254,240,452,380,202,226,599,1,30,True,False,Monster/xm_2_L2-0,普通机甲I/59_2@monster6-迅猛｜中·基扎特制型.gif
100078,78,迅猛,xm_2_L2,xm_2,2,普通机甲I,normal,2,19,8189,2663,854,870,226,248,442,374,221,201,571,1,30,True,False,Monster/xm_2_L2-0,普通机甲I/59_2@monster6-迅猛｜中·基扎特制型.gif
100226,226,飞轮,fl_2_L2,fl_2,2,普通机甲I,normal,2,19,8121,2614,874,805,247,220,481,380,220,230,619,1,30,True,False,Monster/fl_2_L2-0,普通机甲I/74_2@monster8-飞轮｜中·潘家金.gif
100093,93,迅猛,xm_2_L3,xm_2,3,普通机甲I,normal,3,24,10011,3902,1068,1184,307,333,624,497,258,273,808,1,30,True,False,Monster/xm_2_L3-0,普通机甲I/60_3@monster7-迅猛｜终·吴庸·克雷.gif
100221,221,迅猛,xm_2_L3,xm_2,3,普通机甲I,normal,3,24,10121,3545,1118,1060,340,331,575,473,255,256,820,1,30,True,False,Monster/xm_2_L3-0,普通机甲I/60_3@monster7-迅猛｜终·吴庸·克雷.gif
100402,402,猩红,xh_2_L3,xh_2,3,普通机甲I,normal,3,24,10614,3894,1053,1118,343,320,635,475,255,257,863,1,30,True,False,Monster/xh_2_L3-0,普通机甲I/9_3@monster1-猩红｜终·猎人·中忍指挥官.gif
100323,323,猩红,xh_2_L3,xh_2,3,普通机甲I,normal,3,25,10781,3610,1196,1220,356,316,580,496,270,295,826,1,30,True,False,Monster/xh_2_L3-0,普通机甲I/9_3@monster1-猩红｜终·猎人·中忍指挥官.gif
100150,150,蝙蝠Ⅰ号·卡萨-A1·闪影,bfihksa1sy_L1,bfihksa1sy,1,普通机甲II,normal,3,20,9361,3045,900,988,286,271,484,376,258,226,661,1,30,True,False,Monster/bfihksa1sy_L1-0,普通机甲II/163_1@monster17-蝙蝠Ⅰ号·卡萨-A1·闪影｜初.gif
100031,31,蝙蝠Ⅰ号·卡萨-A1·闪影,bfihksa1sy_L1,bfihksa1sy,1,普通机甲II,normal,3,21,10160,3180,1042,1025,271,302,550,428,244,258,729,1,30,True,False,Monster/bfihksa1sy_L1-0,普通机甲II/163_1@monster17-蝙蝠Ⅰ号·卡萨-A1·闪影｜初.gif
100163,163,蝙蝠Ⅰ号·卡萨-A1·闪影,bfihksa1sy_L1,bfihksa1sy,1,普通机甲II,normal,3,21,9524,3550,1051,1005,273,292,528,407,248,241,706,1,25,True,False,Monster/bfihksa1sy_L1-0,普通机甲II/163_1@monster17-蝙蝠Ⅰ号·卡萨-A1·闪影｜初.gif
100326,326,镭射,ls_3_L1,ls_3,1,普通机甲II,normal,3,21,10324,3100,1075,1008,288,279,568,408,233,262,690,1,30,True,False,Monster/ls_3_L1-0,普通机甲II/19_1@monster2-镭射｜初·红酒贩子·中忍III型.gif
100332,332,力士,ls_2_L1,ls_2,1,普通机甲II,normal,3,21,9525,3240,947,1045,267,272,494,441,256,248,693,1,30,True,False,Monster/ls_2_L1-0,普通机甲II/25_1@monster3-力士｜初·机师公会临时工.gif
100405,405,镭射,ls_3_L1,ls_3,1,普通机甲II,normal,3,22,10569,3685,1045,977,284,279,561,427,239,277,742,1,30,True,False,Monster/ls_3_L1-0,普通机甲II/19_1@monster2-镭射｜初·红酒贩子·中忍III型.gif
100036,36,蝙蝠Ⅳ号·卡萨-A3·闪影,bfivhksa3sy_L2,bfivhksa3sy,2,普通机甲II,normal,3,25,11162,4162,1202,1151,344,306,623,479,276,262,860,1,30,True,False,Monster/bfivhksa3sy_L2-0,普通机甲II/164_2@monster17-蝙蝠Ⅳ号·卡萨-A3·闪影｜中·无人机甲.gif
100164,164,蝙蝠Ⅳ号·卡萨-A3·闪影,bfivhksa3sy_L2,bfivhksa3sy,2,普通机甲II,normal,3,25,10781,3989,1142,1116,345,330,580,464,267,267,777,1,45,True,False,Monster/bfivhksa3sy_L2-0,普通机甲II/164_2@monster17-蝙蝠Ⅳ号·卡萨-A3·闪影｜中·无人机甲.gif
100227,227,镭射,ls_3_L2,ls_3,2,普通机甲II,normal,3,25,11424,3627,1222,1112,360,318,616,486,265,264,897,1,30,True,False,Monster/ls_3_L2-0,普通机甲II/20_2@monster3-镭射｜中·肖恩·黄酒贩子·中忍V型.gif
100265,265,蝙蝠Ⅳ号·卡萨-A3·闪影,bfivhksa3sy_L2,bfivhksa3sy,2,普通机甲II,normal,3,25,10881,3613,1194,1062,359,314,589,494,289,276,829,1,30,True,False,Monster/bfivhksa3sy_L2-0,普通机甲II/164_2@monster17-蝙蝠Ⅳ号·卡萨-A3·闪影｜中·无人机甲.gif
100327,327,镭射,ls_3_L2,ls_3,2,普通机甲II,normal,3,25,11615,3896,1146,1155,322,311,615,498,273,268,843,1,30,True,False,Monster/ls_3_L2-0,普通机甲II/20_2@monster3-镭射｜中·肖恩·黄酒贩子·中忍V型.gif
100333,333,力士,ls_2_L2,ls_2,2,普通机甲II,normal,3,25,10742,4113,1226,1186,345,344,616,480,302,263,867,1,30,True,False,Monster/ls_2_L2-0,普通机甲II/26_2@monster3-力士｜中·机师公会清洁工.gif
100053,53,蝙蝠Ⅳ号·卡萨-A3·闪影,bfivhksa3sy_L2,bfivhksa3sy,2,普通机甲II,normal,3,26,10794,3893,1097,1193,338,345,639,512,278,276,936,1,30,True,False,Monster/bfivhksa3sy_L2-0,普通机甲II/164_2@monster17-蝙蝠Ⅳ号·卡萨-A3·闪影｜中·无人机甲.gif
100156,156,蝙蝠Ⅳ号·卡萨-A3·闪影,bfivhksa3sy_L2,bfivhksa3sy,2,普通机甲II,normal,3,26,10582,4130,1269,1135,370,335,666,493,277,313,818,1,30,True,False,Monster/bfivhksa3sy_L2-0,普通机甲II/164_2@monster17-蝙蝠Ⅳ号·卡萨-A3·闪影｜中·无人机甲.gif
100406,406,镭射,ls_3_L2,ls_3,2,普通机甲II,normal,3,26,10970,4064,1235,1087,320,359,617,470,309,305,822,1,30,True,False,Monster/ls_3_L2-0,普通机甲II/20_2@monster3-镭射｜中·肖恩·黄酒贩子·中忍V型.gif
100337,337,力士,ls_2_L3,ls_2,3,普通机甲II,normal,4,30,13510,4720,1370,1367,452,462,777,609,373,358,1040,1,30,True,False,Monster/ls_2_L3-0,普通机甲II/27_3@monster3-力士｜终·机师公会副会长·联盟捍卫者·为了部落.gif
100340,340,力士,ls_2_L3,ls_2,3,普通机甲II,normal,4,30,12449,4561,1540,1442,426,413,775,585,363,354,1051,1,30,True,False,Monster/ls_2_L3-0,普通机甲II/27_3@monster3-力士｜终·机师公会副会长·联盟捍卫者·为了部落.gif
100346,346,力士,ls_2_L3,ls_2,3,普通机甲II,normal,4,30,12798,5229,1466,1480,467,437,749,605,374,365,1127,1,30,True,False,Monster/ls_2_L3-0,普通机甲II/27_3@monster3-力士｜终·机师公会副会长·联盟捍卫者·为了部落.gif
100349,349,力士,ls_2_L3,ls_2,3,普通机甲II,normal,4,30,12701,4528,1507,1388,408,421,797,638,358,382,1140,1,30,True,False,Monster/ls_2_L3-0,普通机甲II/27_3@monster3-力士｜终·机师公会副会长·联盟捍卫者·为了部落.gif
100367,367,力士,ls_2_L3,ls_2,3,普通机甲II,normal,4,30,12198,4729,1534,1406,399,462,757,648,338,325,1051,1,30,True,False,Monster/ls_2_L3-0,普通机甲II/27_3@monster3-力士｜终·机师公会副会长·联盟捍卫者·为了部落.gif
100409,409,镭射,ls_3_L3,ls_3,3,普通机甲II,normal,4,30,13925,4624,1446,1507,460,456,736,558,329,327,1006,1,30,True,False,Monster/ls_3_L3-0,普通机甲II/21_3@monster3-镭射｜终·白酒贩子·神速忍·情侣死光光.gif
100444,444,力士,ls_2_L3,ls_2,3,普通机甲II,normal,4,30,12740,4672,1471,1362,404,413,756,608,380,366,1044,1,30,True,False,Monster/ls_2_L3-0,普通机甲II/27_3@monster3-力士｜终·机师公会副会长·联盟捍卫者·为了部落.gif
100445,445,镭射,ls_3_L3,ls_3,3,普通机甲II,normal,4,30,13868,4621,1429,1535,451,449,750,578,348,328,1078,1,30,True,False,Monster/ls_3_L3-0,普通机甲II/21_3@monster3-镭射｜终·白酒贩子·神速忍·情侣死光光.gif
100042,42,安妮·闪影,ansy_L3,ansy,3,普通机甲II,normal,4,31,12422,5222,1562,1417,419,466,831,607,375,392,1207,1,30,True,False,Monster/ansy_L3-0,普通机甲II/165_3@monster17-安妮·闪影｜终.gif
100165,165,安妮·闪影,ansy_L3,ansy,3,普通机甲II,normal,4,31,13449,4989,1364,1504,409,457,768,610,365,365,1109,1,50,True,False,Monster/ansy_L3-0,普通机甲II/165_3@monster17-安妮·闪影｜终.gif
100330,330,镭射,ls_3_L3,ls_3,3,普通机甲II,normal,4,31,13607,4736,1579,1516,434,425,783,656,372,382,1201,1,30,True,False,Monster/ls_3_L3-0,普通机甲II/21_3@monster3-镭射｜终·白酒贩子·神速忍·情侣死光光.gif
100343,343,力士,ls_2_L3,ls_2,3,普通机甲II,normal,4,31,12492,4755,1351,1472,440,477,725,631,358,360,1184,1,30,True,False,Monster/ls_2_L3-0,普通机甲II/27_3@monster3-力士｜终·机师公会副会长·联盟捍卫者·为了部落.gif
100352,352,力士,ls_2_L3,ls_2,3,普通机甲II,normal,4,31,12368,5498,1431,1417,452,474,830,637,384,356,1080,1,30,True,False,Monster/ls_2_L3-0,普通机甲II/27_3@monster3-力士｜终·机师公会副会长·联盟捍卫者·为了部落.gif
100355,355,力士,ls_2_L3,ls_2,3,普通机甲II,normal,4,31,12434,5076,1530,1503,478,471,835,589,358,351,1176,1,30,True,False,Monster/ls_2_L3-0,普通机甲II/27_3@monster3-力士｜终·机师公会副会长·联盟捍卫者·为了部落.gif
100358,358,力士,ls_2_L3,ls_2,3,普通机甲II,normal,4,31,13154,5478,1534,1546,451,463,746,612,369,355,1126,1,30,True,False,Monster/ls_2_L3-0,普通机甲II/27_3@monster3-力士｜终·机师公会副会长·联盟捍卫者·为了部落.gif
100361,361,力士,ls_2_L3,ls_2,3,普通机甲II,normal,4,31,12641,5380,1510,1389,481,416,843,626,383,355,1197,1,30,True,False,Monster/ls_2_L3-0,普通机甲II/27_3@monster3-力士｜终·机师公会副会长·联盟捍卫者·为了部落.gif
100364,364,力士,ls_2_L3,ls_2,3,普通机甲II,normal,4,31,12567,5207,1524,1556,445,476,762,584,373,338,1066,1,30,True,False,Monster/ls_2_L3-0,普通机甲II/27_3@monster3-力士｜终·机师公会副会长·联盟捍卫者·为了部落.gif
100370,370,力士,ls_2_L3,ls_2,3,普通机甲II,normal,4,31,12679,5459,1571,1340,453,476,788,640,337,372,1196,1,30,True,False,Monster/ls_2_L3-0,普通机甲II/27_3@monster3-力士｜终·机师公会副会长·联盟捍卫者·为了部落.gif
100373,373,力士,ls_2_L3,ls_2,3,普通机甲II,normal,4,31,13249,4903,1346,1574,482,472,736,566,375,388,1117,1,30,True,False,Monster/ls_2_L3-0,普通机甲II/27_3@monster3-力士｜终·机师公会副会长·联盟捍卫者·为了部落.gif
100009,9,克努,kn_2_L3,kn_2,3,合成机甲I,normal,5,37,16179,6328,1733,1948,558,516,911,698,444,439,1503,1,30,True,False,Monster/kn_2_L3-0,合成机甲I/135_3@monster14-克努｜终.gif
100344,344,黄金吉尼,hjjn_2_L1,hjjn_2,1,黄金系列,elite,5,32,23041,5841,1580,1471,520,476,923,700,413,429,1339,2,30,True,False,Monster/hjjn_2_L1-0,黄金系列/244_1@monster9-黄金吉尼｜初.gif
100347,347,黄金吉尼,hjjn_2_L1,hjjn_2,1,黄金系列,elite,5,32,21178,5183,1640,1742,479,454,840,622,370,374,1180,2,30,True,False,Monster/hjjn_2_L1-0,黄金系列/244_1@monster9-黄金吉尼｜初.gif
100350,350,黄金吉尼,hjjn_2_L1,hjjn_2,1,黄金系列,elite,5,32,20344,5506,1570,1515,481,528,785,682,410,408,1239,2,30,True,False,Monster/hjjn_2_L1-0,黄金系列/244_1@monster9-黄金吉尼｜初.gif
100376,376,黄金吉尼,hjjn_2_L1,hjjn_2,1,黄金系列,elite,5,32,19988,6079,1725,1521,529,510,905,632,414,382,1281,2,30,True,False,Monster/hjjn_2_L1-0,黄金系列/244_1@monster9-黄金吉尼｜初.gif
100394,394,黄金克努,hjkn_2_L1,hjkn_2,1,黄金系列,elite,5,32,22705,5627,1494,1658,462,530,873,649,393,397,1275,2,30,True,False,Monster/hjkn_2_L1-0,黄金系列/247_1@monster9-黄金克努｜初.gif
100395,395,黄金克努,hjkn_2_L1,hjkn_2,1,黄金系列,elite,5,32,22223,5282,1705,1472,500,526,787,691,390,403,1249,2,30,True,False,Monster/hjkn_2_L1-0,黄金系列/247_1@monster9-黄金克努｜初.gif
100338,338,黄金吉尼,hjjn_2_L1,hjjn_2,1,黄金系列,elite,5,33,21128,5521,1788,1726,544,475,928,668,375,396,1271,2,30,True,False,Monster/hjjn_2_L1-0,黄金系列/244_1@monster9-黄金吉尼｜初.gif
100341,341,黄金吉尼,hjjn_2_L1,hjjn_2,1,黄金系列,elite,5,33,22087,6222,1702,1784,513,471,862,661,413,437,1385,2,30,True,False,Monster/hjjn_2_L1-0,黄金系列/244_1@monster9-黄金吉尼｜初.gif
100353,353,黄金吉尼,hjjn_2_L1,hjjn_2,1,黄金系列,elite,5,33,23245,5947,1604,1510,468,470,926,701,411,395,1221,2,30,True,False,Monster/hjjn_2_L1-0,黄金系列/244_1@monster9-黄金吉尼｜初.gif
100356,356,黄金吉尼,hjjn_2_L1,hjjn_2,1,黄金系列,elite,5,33,21571,5923,1721,1685,525,544,938,705,394,418,1354,2,30,True,False,Monster/hjjn_2_L1-0,黄金系列/244_1@monster9-黄金吉尼｜初.gif
100359,359,黄金吉尼,hjjn_2_L1,hjjn_2,1,黄金系列,elite,5,33,20565,6114,1582,1701,505,519,824,749,444,422,1303,2,30,True,False,Monster/hjjn_2_L1-0,黄金系列/244_1@monster9-黄金吉尼｜初.gif
100362,362,黄金吉尼,hjjn_2_L1,hjjn_2,1,黄金系列,elite,5,33,22154,6118,1754,1667,515,513,897,739,374,376,1351,2,30,True,False,Monster/hjjn_2_L1-0,黄金系列/244_1@monster9-黄金吉尼｜初.gif
100365,365,黄金吉尼,hjjn_2_L1,hjjn_2,1,黄金系列,elite,5,33,22098,5881,1637,1588,515,482,834,638,422,379,1304,2,30,True,False,Monster/hjjn_2_L1-0,黄金系列/244_1@monster9-黄金吉尼｜初.gif
100368,368,黄金吉尼,hjjn_2_L1,hjjn_2,1,黄金系列,elite,5,33,22705,6152,1646,1776,480,476,938,699,400,391,1204,2,30,True,False,Monster/hjjn_2_L1-0,黄金系列/244_1@monster9-黄金吉尼｜初.gif
100371,371,黄金吉尼,hjjn_2_L1,hjjn_2,1,黄金系列,elite,5,33,22437,6064,1789,1606,513,546,855,669,400,441,1331,2,30,True,False,Monster/hjjn_2_L1-0,黄金系列/244_1@monster9-黄金吉尼｜初.gif
100374,374,黄金吉尼,hjjn_2_L1,hjjn_2,1,黄金系列,elite,5,33,20601,5603,1622,1524,473,534,856,667,419,412,1354,2,30,True,False,Monster/hjjn_2_L1-0,黄金系列/244_1@monster9-黄金吉尼｜初.gif
100396,396,黄金克努,hjkn_2_L1,hjkn_2,1,黄金系列,elite,5,33,22537,5617,1750,1776,498,490,892,662,440,442,1290,2,30,True,False,Monster/hjkn_2_L1-0,黄金系列/247_1@monster9-黄金克努｜初.gif
100390,390,黄金吉尼,hjjn_2_L2,hjjn_2,2,黄金系列,elite,5,37,25158,6455,1657,1814,539,598,982,817,417,487,1474,2,30,True,False,Monster/hjjn_2_L2-0,黄金系列/245_2@monster9-黄金吉尼｜中.gif
100449,449,黄金克努,hjkn_2_L2,hjkn_2,2,黄金系列,elite,5,37,23065,6185,1755,1953,544,560,1040,711,439,452,1410,2,30,True,False,Monster/hjkn_2_L2-0,黄金系列/248_2@monster9-黄金克努｜中.gif
100397,397,黄金克努,hjkn_2_L2,hjkn_2,2,黄金系列,elite,5,38,26000,6695,1829,1970,609,618,992,766,449,430,1438,2,30,True,False,Monster/hjkn_2_L2-0,黄金系列/248_2@monster9-黄金克努｜中.gif
100391,391,黄金吉尼,hjjn_2_L3,hjjn_2,3,黄金系列,elite,6,42,26000,7559,2170,2028,734,634,1252,970,500,558,1630,2,30,True,False,Monster/hjjn_2_L3-0,黄金系列/246_3@monster9-黄金吉尼｜终.gif
100392,392,黄金吉尼,hjjn_2_L3,hjjn_2,3,黄金系列,elite,6,42,26000,7342,2036,2054,736,748,1092,974,574,520,1630,2,30,True,False,Monster/hjjn_2_L3-0,黄金系列/246_3@monster9-黄金吉尼｜终.gif
100393,393,黄金吉尼,hjjn_2_L3,hjjn_2,3,黄金系列,elite,6,42,26000,7459,2200,2012,727,668,1261,859,581,579,1812,2,30,True,False,Monster/hjjn_2_L3-0,黄金系列/246_3@monster9-黄金吉尼｜终.gif
100252,252,拉姆,lm_L2,lm,2,顶级机甲,elite,6,43,26000,7665,2178,2134,698,744,1146,904,517,591,1707,2,30,True,False,Monster/lm_L2-0,顶级机甲/149_2@monster15-拉姆.gif
100440,440,迪斯-KZ,dskz_L2,dskz,2,顶级机甲,elite,6,43,26000,8492,2362,2305,679,662,1100,912,586,508,1923,2,30,True,False,Monster/dskz_L2-0,顶级机甲/226_2@monster7-迪斯-KZ｜中.gif
100267,267,阿迈刹·鬼王,amsgw_L3,amsgw,3,顶级机甲,elite,7,47,26000,10152,2690,2408,863,848,1353,1166,684,668,2150,2,30,True,False,Monster/amsgw_L3-0,顶级机甲/144_3@monster15-阿迈刹·鬼王.gif
100263,263,阿迈刹·鬼王,amsgw_L3,amsgw,3,顶级机甲,elite,7,48,26000,9090,2554,2793,895,864,1310,1016,638,680,2229,2,50,True,False,Monster/amsgw_L3-0,顶级机甲/144_3@monster15-阿迈刹·鬼王.gif
100377,377,魔族量产型,mzlcx_L1,mzlcx,1,顶级boss,boss,6,39,38617,7233,2135,2049,605,680,1123,856,488,485,1729,2,30,True,False,Monster/mzlcx_L1-0,
100378,378,红色诅咒,hszz_L1,hszz,1,顶级boss,boss,6,39,42645,8443,2096,1943,637,643,1015,836,540,483,1725,2,30,True,False,Monster/hszz_L1-0,
100379,379,魔族量产型,mzlcx_L1,mzlcx,1,顶级boss,boss,6,39,40334,7882,2066,2024,598,698,1004,823,531,537,1667,2,30,True,False,Monster/mzlcx_L1-0,
100375,375,魔族量产型,mzlcx_L1,mzlcx,1,顶级boss,boss,6,40,42427,8204,2137,2165,648,615,1144,862,480,516,1604,2,30,True,False,Monster/mzlcx_L1-0,
100387,387,风魔甲,fmj_L1,fmj,1,顶级boss,boss,6,40,51117,9713,2186,2153,656,613,1188,885,554,521,1688,2,30,True,False,Monster/fmj_L1-0,
100388,388,狂暴龙,kbl_L1,kbl,1,顶级boss,boss,6,40,49679,9059,2264,2097,619,609,1166,831,549,502,1651,2,30,True,False,Monster/kbl_L1-0,
100380,380,铁甲魔龙,tjml_L1,tjml,1,顶级boss,boss,6,41,43304,9145,2181,2008,738,664,1212,938,548,576,1721,2,30,True,False,Monster/tjml_L1-0,
100381,381,风魔甲,fmj_L1,fmj,1,顶级boss,boss,6,41,60826,14261,2194,2318,644,685,1164,854,564,559,1807,2,30,True,False,Monster/fmj_L1-0,
100382,382,魔族量产型,mzlcx_L1,mzlcx,1,顶级boss,boss,6,41,48421,9998,2329,2006,666,631,1161,934,520,542,1795,2,30,True,False,Monster/mzlcx_L1-0,
100383,383,魔族量产型,mzlcx_L1,mzlcx,1,顶级boss,boss,6,41,51193,10801,2204,2290,730,624,1104,970,566,522,1789,2,30,True,False,Monster/mzlcx_L1-0,
100384,384,风魔甲,fmj_L1,fmj,1,顶级boss,boss,6,41,56402,9757,2164,2184,736,729,1183,895,531,551,1660,2,30,True,False,Monster/fmj_L1-0,
100385,385,狂暴龙,kbl_L1,kbl,1,顶级boss,boss,6,41,48014,9368,2129,2301,634,706,1155,892,556,528,1777,2,30,True,False,Monster/kbl_L1-0,
100386,386,魔族量产型,mzlcx_L1,mzlcx,1,顶级boss,boss,6,41,48632,8429,1990,2153,717,719,1202,867,489,526,1815,2,30,True,False,Monster/mzlcx_L1-0,
100389,389,枯骨魔龙,kgml_L1,kgml,1,顶级boss,boss,6,41,48853,10122,2242,2122,652,662,1211,915,503,572,1631,2,30,True,False,Monster/kgml_L1-0,
