段号,段名,ID区间,段内数量,含玩家机甲,id,名称,形态,imgID,isRobot,baseAtt,jinLevel,世界提示
1,(表头·初始机甲与引导怪),0~18,19,是,0,铁臂,,139,1,"50,40,30,6,10,12,11,12,12,12,13",25,
1,(表头·初始机甲与引导怪),0~18,19,是,1,铁臂,,140,1,"50,40,30,6,10,12,11,12,12,12,13",45,
1,(表头·初始机甲与引导怪),0~18,19,是,2,铁臂,,141,1,"50,40,30,6,10,12,11,12,12,12,13",50,
1,(表头·初始机甲与引导怪),0~18,19,是,3,鹰眼,,215,1,"50,40,11,25,10,12,11,12,12,12,13",25,
1,(表头·初始机甲与引导怪),0~18,19,是,4,鹰眼,,216,1,"50,40,11,25,10,12,11,12,12,12,13",45,
1,(表头·初始机甲与引导怪),0~18,19,是,5,鹰眼,,217,1,"50,40,11,25,10,12,11,12,12,12,13",50,
1,(表头·初始机甲与引导怪),0~18,19,是,6,钢板,,109,1,"50,40,18,18,10,12,11,12,12,12,13",25,
1,(表头·初始机甲与引导怪),0~18,19,是,7,钢板,,110,1,"50,40,18,18,10,12,11,12,12,12,13",45,
1,(表头·初始机甲与引导怪),0~18,19,是,8,钢板,,111,1,"50,40,18,18,10,12,11,12,12,12,13",50,
1,(表头·初始机甲与引导怪),0~18,19,是,9,凯尔博士,,135,0,"50,40,30,6,10,12,11,12,12,12,13",30,
1,(表头·初始机甲与引导怪),0~18,19,是,10,饥饿腐蚀者,,181,0,"50,40,30,6,10,12,11,12,12,12,13",30,
1,(表头·初始机甲与引导怪),0~18,19,是,11,多基态狼,,195,0,"50,40,30,6,10,12,11,12,12,12,13",30,
1,(表头·初始机甲与引导怪),0~18,19,是,12,全能试作机,,16,0,"50,40,30,6,10,12,11,12,12,12,13",30,
1,(表头·初始机甲与引导怪),0~18,19,是,13,全能L型,,37,0,"50,40,30,6,10,12,11,12,12,12,13",30,
1,(表头·初始机甲与引导怪),0~18,19,是,14,格斗R型,,34,0,"50,40,30,6,10,12,11,12,12,12,13",30,
1,(表头·初始机甲与引导怪),0~18,19,是,15,全能N型,,38,0,"50,40,30,6,10,12,11,12,12,12,13",30,
1,(表头·初始机甲与引导怪),0~18,19,是,16,格斗T型,,35,0,"50,40,30,6,10,12,11,12,12,12,13",30,
1,(表头·初始机甲与引导怪),0~18,19,是,17,卡罗,,41,0,"200,200,2,2,172,24,96,12,11,82,8,50",30,
1,(表头·初始机甲与引导怪),0~18,19,是,18,卡特,,39,0,"300,300,4,4,167,21,98,7,11,127,6,50",30,
2,尼利亚荒原,19~43,25,是,19,迅猛,,58,1,"50,40,11,25,10,12,11,12,12,12,13",25,敌人等级15~27（danger=3）
2,尼利亚荒原,19~43,25,是,20,迅猛,,59,1,"50,40,11,25,10,12,11,12,12,12,13",45,敌人等级15~27（danger=3）
2,尼利亚荒原,19~43,25,是,21,迅猛,,60,1,"50,40,11,25,10,12,11,12,12,12,13",50,敌人等级15~27（danger=3）
2,尼利亚荒原,19~43,25,是,22,铁闸,,112,1,"50,40,18,18,10,12,11,12,12,12,13",25,敌人等级15~27（danger=3）
2,尼利亚荒原,19~43,25,是,23,铁闸,,113,1,"50,40,18,18,10,12,11,12,12,12,13",45,敌人等级15~27（danger=3）
2,尼利亚荒原,19~43,25,是,24,铁闸,,114,1,"50,40,18,18,10,12,11,12,12,12,13",50,敌人等级15~27（danger=3）
2,尼利亚荒原,19~43,25,是,25,结晶怪,,184,0,"50,40,30,6,10,12,11,12,12,12,13",30,敌人等级15~27（danger=3）
2,尼利亚荒原,19~43,25,是,26,暗夜潜伏蝎,,192,0,"50,40,30,6,10,12,11,12,12,12,13",30,敌人等级15~27（danger=3）
2,尼利亚荒原,19~43,25,是,27,全能N型,,38,0,"50,40,30,6,10,12,11,12,12,12,13",30,敌人等级15~27（danger=3）
2,尼利亚荒原,19~43,25,是,28,射击G型,,41,0,"50,40,30,6,10,12,11,12,12,12,13",30,敌人等级15~27（danger=3）
2,尼利亚荒原,19~43,25,是,29,格斗T型,,35,0,"50,40,30,6,10,12,11,12,12,12,13",30,敌人等级15~27（danger=3）
2,尼利亚荒原,19~43,25,是,30,量产型努斯-R1,,169,0,"50,40,30,6,10,12,11,12,12,12,13",30,敌人等级15~27（danger=3）
2,尼利亚荒原,19~43,25,是,31,蝙蝠Ⅰ号,,163,0,"50,40,30,6,10,12,11,12,12,12,13",30,敌人等级15~27（danger=3）
2,尼利亚荒原,19~43,25,是,32,亚荷-C1,,166,0,"50,40,30,6,10,12,11,12,12,12,13",30,敌人等级15~27（danger=3）
2,尼利亚荒原,19~43,25,是,33,卡古,,136,0,"50,40,30,6,10,12,11,12,12,12,13",30,敌人等级15~27（danger=3）
2,尼利亚荒原,19~43,25,是,34,山猫-RT,,106,0,"50,40,30,6,10,12,11,12,12,12,13",30,敌人等级15~27（danger=3）
2,尼利亚荒原,19~43,25,是,35,量产型努斯-R5,,170,0,"50,40,30,6,10,12,11,12,12,12,13",30,敌人等级15~27（danger=3）
2,尼利亚荒原,19~43,25,是,36,蝙蝠Ⅳ号,,164,0,"50,40,30,6,10,12,11,12,12,12,13",30,敌人等级15~27（danger=3）
2,尼利亚荒原,19~43,25,是,37,亚荷-C2,,167,0,"50,40,30,6,10,12,11,12,12,12,13",30,敌人等级15~27（danger=3）
2,尼利亚荒原,19~43,25,是,38,卡古MK,,137,0,"50,40,30,6,10,12,11,12,12,12,13",30,敌人等级15~27（danger=3）
2,尼利亚荒原,19~43,25,是,39,多普-I-S3,,157,0,"50,40,30,6,10,12,11,12,12,12,13",30,敌人等级15~27（danger=3）
2,尼利亚荒原,19~43,25,是,40,山猫-OB,,107,0,"50,40,30,6,10,12,11,12,12,12,13",30,敌人等级15~27（danger=3）
2,尼利亚荒原,19~43,25,是,41,水银怪,,189,0,"1000,1000,2,2,162,19,101,2,11,171,3,50",30,敌人等级15~27（danger=3）
2,尼利亚荒原,19~43,25,是,42,安妮,,165,0,"2400,2400,36,6,178,17,114,5,11,208,10,50",30,敌人等级15~27（danger=3）
2,尼利亚荒原,19~43,25,是,43,哈尔,,168,0,"3100,3100,38,8,224,15,127,5,11,244,11,50",30,敌人等级15~27（danger=3）
3,无尽森林,44~68,25,是,44,壁垒,,31,1,"50,40,18,18,10,12,11,12,12,12,13",25,敌人等级16~28（danger=2）
3,无尽森林,44~68,25,是,45,壁垒,,32,1,"50,40,18,18,10,12,11,12,12,12,13",45,敌人等级16~28（danger=2）
3,无尽森林,44~68,25,是,46,壁垒,,33,1,"50,40,18,18,10,12,11,12,12,12,13",50,敌人等级16~28（danger=2）
3,无尽森林,44~68,25,是,47,飞轮,,73,1,"50,40,30,6,10,12,11,12,12,12,13",25,敌人等级16~28（danger=2）
3,无尽森林,44~68,25,是,48,飞轮,,74,1,"50,40,30,6,10,12,11,12,12,12,13",45,敌人等级16~28（danger=2）
3,无尽森林,44~68,25,是,49,飞轮,,75,1,"50,40,30,6,10,12,11,12,12,12,13",50,敌人等级16~28（danger=2）
3,无尽森林,44~68,25,是,50,无序触手怪,,199,0,"50,40,30,6,10,12,11,12,12,12,13",30,敌人等级16~28（danger=2）
3,无尽森林,44~68,25,是,51,致命猎杀者,,203,0,"50,40,30,6,10,12,11,12,12,12,13",30,敌人等级16~28（danger=2）
3,无尽森林,44~68,25,是,52,量产型努斯-R5,,170,0,"50,40,30,6,10,12,11,12,12,12,13",30,敌人等级16~28（danger=2）
3,无尽森林,44~68,25,是,53,蝙蝠Ⅳ号,,164,0,"50,40,30,6,10,12,11,12,12,12,13",30,敌人等级16~28（danger=2）
3,无尽森林,44~68,25,是,54,亚荷-C2,,167,0,"50,40,30,6,10,12,11,12,12,12,13",30,敌人等级16~28（danger=2）
3,无尽森林,44~68,25,是,55,野马Ⅲ,,178,0,"50,40,30,6,10,12,11,12,12,12,13",30,敌人等级16~28（danger=2）
3,无尽森林,44~68,25,是,56,沙曼试验机,,55,0,"50,40,30,6,10,12,11,12,12,12,13",30,敌人等级16~28（danger=2）
3,无尽森林,44~68,25,是,57,基扎原型机,,58,0,"50,40,30,6,10,12,11,12,12,12,13",30,敌人等级16~28（danger=2）
3,无尽森林,44~68,25,是,58,尤尼-001,,61,0,"50,40,30,6,10,12,11,12,12,12,13",30,敌人等级16~28（danger=2）
3,无尽森林,44~68,25,是,59,塔克,,70,0,"50,40,30,6,10,12,11,12,12,12,13",30,敌人等级16~28（danger=2）
3,无尽森林,44~68,25,是,60,多普-I-S5,,158,0,"50,40,30,6,10,12,11,12,12,12,13",30,敌人等级16~28（danger=2）
3,无尽森林,44~68,25,是,61,沙曼量产机,,56,0,"50,40,30,6,10,12,11,12,12,12,13",30,敌人等级16~28（danger=2）
3,无尽森林,44~68,25,是,62,基扎特制型,,59,0,"50,40,30,6,10,12,11,12,12,12,13",30,敌人等级16~28（danger=2）
3,无尽森林,44~68,25,是,63,尤尼-03S,,62,0,"50,40,30,6,10,12,11,12,12,12,13",30,敌人等级16~28（danger=2）
3,无尽森林,44~68,25,是,64,塔克斯,,71,0,"50,40,30,6,10,12,11,12,12,12,13",30,敌人等级16~28（danger=2）
3,无尽森林,44~68,25,是,65,野马Ⅶ,,179,0,"50,40,30,6,10,12,11,12,12,12,13",30,敌人等级16~28（danger=2）
3,无尽森林,44~68,25,是,66,剧毒刺蛇,,185,0,"1500,1500,5,5,181,18,105,2,11,181,15,50",30,敌人等级16~28（danger=2）
3,无尽森林,44~68,25,是,67,萨克斯,,36,0,"2800,2800,34,4,177,16,118,5,11,217,16,50",30,敌人等级16~28（danger=2）
3,无尽森林,44~68,25,是,68,莱克,,42,0,"3200,3200,37,8,230,14,131,5,11,253,35,50",30,敌人等级16~28（danger=2）
4,雷奥斯,69~93,25,是,69,猩红,,7,1,"50,40,30,6,10,12,11,12,12,12,13",25,敌人等级17~29（danger=4）
4,雷奥斯,69~93,25,是,70,猩红,,8,1,"50,40,30,6,10,12,11,12,12,12,13",45,敌人等级17~29（danger=4）
4,雷奥斯,69~93,25,是,71,猩红,,9,1,"50,40,30,6,10,12,11,12,12,12,13",50,敌人等级17~29（danger=4）
4,雷奥斯,69~93,25,是,72,鱼雷,,64,1,"50,40,11,25,10,12,11,12,12,12,13",25,敌人等级17~29（danger=4）
4,雷奥斯,69~93,25,是,73,鱼雷,,65,1,"50,40,11,25,10,12,11,12,12,12,13",45,敌人等级17~29（danger=4）
4,雷奥斯,69~93,25,是,74,鱼雷,,66,1,"50,40,11,25,10,12,11,12,12,12,13",50,敌人等级17~29（danger=4）
4,雷奥斯,69~93,25,是,75,多界跳跃者,,204,0,"50,40,30,6,10,12,11,12,12,12,13",30,敌人等级17~29（danger=4）
4,雷奥斯,69~93,25,是,76,刺针无角虫,,197,0,"50,40,30,6,10,12,11,12,12,12,13",30,敌人等级17~29（danger=4）
4,雷奥斯,69~93,25,是,77,沙曼量产机,,56,0,"50,40,30,6,10,12,11,12,12,12,13",30,敌人等级17~29（danger=4）
4,雷奥斯,69~93,25,是,78,基扎特制型,,59,0,"50,40,30,6,10,12,11,12,12,12,13",30,敌人等级17~29（danger=4）
4,雷奥斯,69~93,25,是,79,尤尼-03S,,62,0,"50,40,30,6,10,12,11,12,12,12,13",30,敌人等级17~29（danger=4）
4,雷奥斯,69~93,25,是,80,塔克斯,,71,0,"50,40,30,6,10,12,11,12,12,12,13",30,敌人等级17~29（danger=4）
4,雷奥斯,69~93,25,是,81,雷鸟,,43,0,"50,40,30,6,10,12,11,12,12,12,13",30,敌人等级17~29（danger=4）
4,雷奥斯,69~93,25,是,82,雷米-T-03,,46,0,"50,40,30,6,10,12,11,12,12,12,13",30,敌人等级17~29（danger=4）
4,雷奥斯,69~93,25,是,83,灰猫,,49,0,"50,40,30,6,10,12,11,12,12,12,13",30,敌人等级17~29（danger=4）
4,雷奥斯,69~93,25,是,84,陆战Ⅱ,,1,0,"50,40,30,6,10,12,11,12,12,12,13",30,敌人等级17~29（danger=4）
4,雷奥斯,69~93,25,是,85,沙鱼Ⅲ,,4,0,"50,40,30,6,10,12,11,12,12,12,13",30,敌人等级17~29（danger=4）
4,雷奥斯,69~93,25,是,86,雷鸟Ⅳ,,44,0,"50,40,30,6,10,12,11,12,12,12,13",30,敌人等级17~29（danger=4）
4,雷奥斯,69~93,25,是,87,陆战Ⅵ,,2,0,"50,40,30,6,10,12,11,12,12,12,13",30,敌人等级17~29（danger=4）
4,雷奥斯,69~93,25,是,88,沙鱼改,,5,0,"50,40,30,6,10,12,11,12,12,12,13",30,敌人等级17~29（danger=4）
4,雷奥斯,69~93,25,是,89,亲卫队,,47,0,"50,40,30,6,10,12,11,12,12,12,13",30,敌人等级17~29（danger=4）
4,雷奥斯,69~93,25,是,90,天鹰战队,,50,0,"50,40,30,6,10,12,11,12,12,12,13",30,敌人等级17~29（danger=4）
4,雷奥斯,69~93,25,是,91,多角狂暴兽,,202,0,"2000,2000,39,9,180,18,110,5,11,190,13,50",30,敌人等级17~29（danger=4）
4,雷奥斯,69~93,25,是,92,张吕,,180,0,"3000,3000,37,8,176,16,123,5,11,226,14,50",30,敌人等级17~29（danger=4）
4,雷奥斯,69~93,25,是,93,吴庸,,60,0,"3800,3800,37,12,252,14,136,5,11,262,48,50",30,敌人等级17~29（danger=4）
5,尼利亚荒原///补充,94~97,4,否,94,独眼铁臂,,184,0,"50,40,30,6,10,12,11,12,12,12,13",30,
5,尼利亚荒原///补充,94~97,4,否,95,血腥潜伏蝎,,192,0,"50,40,30,6,10,12,11,12,12,12,13",30,
5,尼利亚荒原///补充,94~97,4,否,96,斯多石兽,,184,0,"50,40,30,6,10,12,11,12,12,12,13",30,
5,尼利亚荒原///补充,94~97,4,否,97,残暴潜伏蝎,,192,0,"50,40,30,6,10,12,11,12,12,12,13",30,
6,无尽森林///补充,98~101,4,否,98,光能触手怪,,199,0,"50,40,30,6,10,12,11,12,12,12,13",30,
6,无尽森林///补充,98~101,4,否,99,双足巨镰,,203,0,"50,40,30,6,10,12,11,12,12,12,13",30,
6,无尽森林///补充,98~101,4,否,100,水晶触手怪,,199,0,"50,40,30,6,10,12,11,12,12,12,13",30,
6,无尽森林///补充,98~101,4,否,101,血腥收割者,,203,0,"50,40,30,6,10,12,11,12,12,12,13",30,
7,雷奥斯///补充,102~105,4,否,102,漆黑污染者,,204,0,"50,40,30,6,10,12,11,12,12,12,13",30,
7,雷奥斯///补充,102~105,4,否,103,环刺无角虫,,197,0,"50,40,30,6,10,12,11,12,12,12,13",30,
7,雷奥斯///补充,102~105,4,否,104,邪恶使徒,,204,0,"50,40,30,6,10,12,11,12,12,12,13",30,
7,雷奥斯///补充,102~105,4,否,105,金甲无角虫,,197,0,"50,40,30,6,10,12,11,12,12,12,13",30,
8,兵工厂,106~134,29,是,106,力士,,25,1,"50,40,30,6,10,12,11,12,12,12,13",25,敌人等级31~37（danger=4）
8,兵工厂,106~134,29,是,107,力士,,26,1,"50,40,30,6,10,12,11,12,12,12,13",45,敌人等级31~37（danger=4）
8,兵工厂,106~134,29,是,108,力士,,27,1,"50,40,30,6,10,12,11,12,12,12,13",50,敌人等级31~37（danger=4）
8,兵工厂,106~134,29,是,109,镭射,,19,1,"50,40,11,25,10,12,11,12,12,12,13",25,敌人等级31~37（danger=4）
8,兵工厂,106~134,29,是,110,镭射,,20,1,"50,40,11,25,10,12,11,12,12,12,13",45,敌人等级31~37（danger=4）
8,兵工厂,106~134,29,是,111,镭射,,21,1,"50,40,11,25,10,12,11,12,12,12,13",50,敌人等级31~37（danger=4）
8,兵工厂,106~134,29,是,112,剧毒刺蛇,,185,0,"50,40,30,6,10,12,11,12,12,12,13",30,敌人等级31~37（danger=4）
8,兵工厂,106~134,29,是,113,陆行八爪怪,,186,0,"50,40,30,6,10,12,11,12,12,12,13",30,敌人等级31~37（danger=4）
8,兵工厂,106~134,29,是,114,獠牙刺蛇,,185,0,"50,40,30,6,10,12,11,12,12,12,13",30,敌人等级31~37（danger=4）
8,兵工厂,106~134,29,是,115,首脑八爪怪,,186,0,"50,40,30,6,10,12,11,12,12,12,13",30,敌人等级31~37（danger=4）
8,兵工厂,106~134,29,是,116,异空刺蛇,,185,0,"50,40,30,6,10,12,11,12,12,12,13",30,敌人等级31~37（danger=4）
8,兵工厂,106~134,29,是,117,变异八爪怪,,186,0,"50,40,30,6,10,12,11,12,12,12,13",30,敌人等级31~37（danger=4）
8,兵工厂,106~134,29,是,118,紫镰毒蜘,,197,0,"50,40,30,6,10,12,11,12,12,12,13",30,敌人等级31~37（danger=4）
8,兵工厂,106~134,29,是,119,迅猛追杀者,,191,0,"50,40,30,6,10,12,11,12,12,12,13",30,敌人等级31~37（danger=4）
8,兵工厂,106~134,29,是,120,莫赛-06,,103,0,"50,40,30,6,10,12,11,12,12,12,13",30,敌人等级31~37（danger=4）
8,兵工厂,106~134,29,是,121,无影穿梭者,,196,0,"50,40,30,6,10,12,11,12,12,12,13",30,敌人等级31~37（danger=4）
8,兵工厂,106~134,29,是,122,雷米-T-05,,47,0,"50,40,30,6,10,12,11,12,12,12,13",30,敌人等级31~37（danger=4）
8,兵工厂,106~134,29,是,123,灰猫-改,,50,0,"50,40,30,6,10,12,11,12,12,12,13",30,敌人等级31~37（danger=4）
8,兵工厂,106~134,29,是,124,沙鱼改,,5,0,"50,40,30,6,10,12,11,12,12,12,13",30,敌人等级31~37（danger=4）
8,兵工厂,106~134,29,是,125,莫赛-10,,104,0,"50,40,30,6,10,12,11,12,12,12,13",30,敌人等级31~37（danger=4）
8,兵工厂,106~134,29,是,126,剧毒蜘蛛,,193,0,"50,40,30,6,10,12,11,12,12,12,13",30,敌人等级31~37（danger=4）
8,兵工厂,106~134,29,是,127,红眼咕噜怪,,190,0,"50,40,30,6,10,12,11,12,12,12,13",30,敌人等级31~37（danger=4）
8,兵工厂,106~134,29,是,128,坤立,,72,0,"50,40,30,6,10,12,11,12,12,12,13",30,敌人等级31~37（danger=4）
8,兵工厂,106~134,29,是,129,战地援护Ⅰ型,,67,0,"50,40,30,6,10,12,11,12,12,12,13",30,敌人等级31~37（danger=4）
8,兵工厂,106~134,29,是,130,战地援护Ⅱ型,,68,0,"50,40,30,6,10,12,11,12,12,12,13",30,敌人等级31~37（danger=4）
8,兵工厂,106~134,29,是,131,影牙,,183,0,"3300,3300,28,16,278,12,139,5,11,268,27,50",30,敌人等级31~37（danger=4）
8,兵工厂,106~134,29,是,132,试验机体,,3,0,"5000,5000,18,13,276,11,153,5,11,366,29,50",30,敌人等级31~37（danger=4）
8,兵工厂,106~134,29,是,133,霸羽,,138,0,"6450,6450,19,5,285,35,182,9,13,414,29,50",30,敌人等级31~37（danger=4）
8,兵工厂,106~134,29,是,134,陆战Ⅵ,,2,0,"50,40,30,6,10,12,11,12,12,12,13",30,敌人等级31~37（danger=4）
9,魔虫洞,135~162,28,是,135,咒术,,124,1,"50,40,18,18,10,12,11,12,12,12,13",25,敌人等级32~37（danger=3）
9,魔虫洞,135~162,28,是,136,咒术,,125,1,"50,40,18,18,10,12,11,12,12,12,13",45,敌人等级32~37（danger=3）
9,魔虫洞,135~162,28,是,137,咒术,,126,1,"50,40,18,18,10,12,11,12,12,12,13",50,敌人等级32~37（danger=3）
9,魔虫洞,135~162,28,是,138,猛龙,,172,1,"50,40,30,6,10,12,11,12,12,12,13",25,敌人等级32~37（danger=3）
9,魔虫洞,135~162,28,是,139,猛龙,,173,1,"50,40,30,6,10,12,11,12,12,12,13",45,敌人等级32~37（danger=3）
9,魔虫洞,135~162,28,是,140,猛龙,,174,1,"50,40,30,6,10,12,11,12,12,12,13",50,敌人等级32~37（danger=3）
9,魔虫洞,135~162,28,是,141,飞翼掠食者,,182,0,"50,40,30,6,10,12,11,12,12,12,13",30,敌人等级32~37（danger=3）
9,魔虫洞,135~162,28,是,142,突变猩猩,,187,0,"50,40,30,6,10,12,11,12,12,12,13",30,敌人等级32~37（danger=3）
9,魔虫洞,135~162,28,是,143,独角掠食者,,182,0,"50,40,30,6,10,12,11,12,12,12,13",30,敌人等级32~37（danger=3）
9,魔虫洞,135~162,28,是,144,猩猩坦克手,,187,0,"50,40,30,6,10,12,11,12,12,12,13",30,敌人等级32~37（danger=3）
9,魔虫洞,135~162,28,是,145,飞翼暴龙,,182,0,"50,40,30,6,10,12,11,12,12,12,13",30,敌人等级32~37（danger=3）
9,魔虫洞,135~162,28,是,146,生化猩猩,,187,0,"50,40,30,6,10,12,11,12,12,12,13",30,敌人等级32~37（danger=3）
9,魔虫洞,135~162,28,是,147,嗜血哈鲁,,188,0,"50,40,30,6,10,12,11,12,12,12,13",30,敌人等级32~37（danger=3）
9,魔虫洞,135~162,28,是,148,幻影Ⅰ型,,16,0,"50,40,30,6,10,12,11,12,12,12,13",30,敌人等级32~37（danger=3）
9,魔虫洞,135~162,28,是,149,水银吞噬者,,189,0,"50,40,30,6,10,12,11,12,12,12,13",30,敌人等级32~37（danger=3）
9,魔虫洞,135~162,28,是,150,卡萨-A1,,163,0,"50,40,30,6,10,12,11,12,12,12,13",30,敌人等级32~37（danger=3）
9,魔虫洞,135~162,28,是,151,地狱之狼,,195,0,"50,40,30,6,10,12,11,12,12,12,13",30,敌人等级32~37（danger=3）
9,魔虫洞,135~162,28,是,152,土龙Ⅰ号,,160,0,"50,40,30,6,10,12,11,12,12,12,13",30,敌人等级32~37（danger=3）
9,魔虫洞,135~162,28,是,153,狩猎,,34,0,"50,40,30,6,10,12,11,12,12,12,13",30,敌人等级32~37（danger=3）
9,魔虫洞,135~162,28,是,154,刺杀-C,,43,0,"50,40,30,6,10,12,11,12,12,12,13",30,敌人等级32~37（danger=3）
9,魔虫洞,135~162,28,是,155,幻影Ⅱ型,,17,0,"50,40,30,6,10,12,11,12,12,12,13",30,敌人等级32~37（danger=3）
9,魔虫洞,135~162,28,是,156,卡萨-A3,,164,0,"50,40,30,6,10,12,11,12,12,12,13",30,敌人等级32~37（danger=3）
9,魔虫洞,135~162,28,是,157,土龙Ⅷ号,,161,0,"50,40,30,6,10,12,11,12,12,12,13",30,敌人等级32~37（danger=3）
9,魔虫洞,135~162,28,是,158,狩猎-改,,35,0,"50,40,30,6,10,12,11,12,12,12,13",30,敌人等级32~37（danger=3）
9,魔虫洞,135~162,28,是,159,马家部队,,44,0,"50,40,30,6,10,12,11,12,12,12,13",30,敌人等级32~37（danger=3）
9,魔虫洞,135~162,28,是,160,巨大防御者,,198,0,"3350,3350,24,14,272,12,143,5,11,317,26,50",30,敌人等级32~37（danger=3）
9,魔虫洞,135~162,28,是,161,贾谷,,63,0,"5100,5100,18,13,276,11,163,5,11,366,31,50",30,敌人等级32~37（danger=3）
9,魔虫洞,135~162,28,是,162,考夫基,,45,0,"6500,6500,24,5,294,35,182,9,13,414,41,50",30,敌人等级32~37（danger=3）
10,安魂森林,163~196,34,是,163,闪影,,163,1,"50,40,11,25,10,12,11,12,12,12,13",25,敌人等级33~37（danger=2）
10,安魂森林,163~196,34,是,164,闪影,,164,1,"50,40,11,25,10,12,11,12,12,12,13",45,敌人等级33~37（danger=2）
10,安魂森林,163~196,34,是,165,闪影,,165,1,"50,40,11,25,10,12,11,12,12,12,13",50,敌人等级33~37（danger=2）
10,安魂森林,163~196,34,是,166,诺谢,,130,1,"50,40,18,18,10,12,11,12,12,12,13",25,敌人等级33~37（danger=2）
10,安魂森林,163~196,34,是,167,诺谢,,131,1,"50,40,18,18,10,12,11,12,12,12,13",45,敌人等级33~37（danger=2）
10,安魂森林,163~196,34,是,168,诺谢,,132,1,"50,40,18,18,10,12,11,12,12,12,13",50,敌人等级33~37（danger=2）
10,安魂森林,163~196,34,是,169,变异食人菇,,201,0,"50,40,30,6,10,12,11,12,12,12,13",30,敌人等级33~37（danger=2）
10,安魂森林,163~196,34,是,170,魔化植物,,190,0,"50,40,30,6,10,12,11,12,12,12,13",30,敌人等级33~37（danger=2）
10,安魂森林,163~196,34,是,171,魔化食人菇,,201,0,"50,40,30,6,10,12,11,12,12,12,13",30,敌人等级33~37（danger=2）
10,安魂森林,163~196,34,是,172,独眼侦查者,,190,0,"50,40,30,6,10,12,11,12,12,12,13",30,敌人等级33~37（danger=2）
10,安魂森林,163~196,34,是,173,灰毛爬行者,,194,0,"50,40,30,6,10,12,11,12,12,12,13",30,敌人等级33~37（danger=2）
10,安魂森林,163~196,34,是,174,甲安-Q-001,,115,0,"50,40,30,6,10,12,11,12,12,12,13",30,敌人等级33~37（danger=2）
10,安魂森林,163~196,34,是,175,斯特A型,,70,0,"50,40,30,6,10,12,11,12,12,12,13",30,敌人等级33~37（danger=2）
10,安魂森林,163~196,34,是,176,托雷-C1,,166,0,"50,40,30,6,10,12,11,12,12,12,13",30,敌人等级33~37（danger=2）
10,安魂森林,163~196,34,是,177,丛林侦查型,,4,0,"50,40,30,6,10,12,11,12,12,12,13",30,敌人等级33~37（danger=2）
10,安魂森林,163~196,34,是,178,地狱喽喽,,208,0,"50,40,30,6,10,12,11,12,12,12,13",30,敌人等级33~37（danger=2）
10,安魂森林,163~196,34,是,179,甲安-Q-01W,,116,0,"50,40,30,6,10,12,11,12,12,12,13",30,敌人等级33~37（danger=2）
10,安魂森林,163~196,34,是,180,飞翼恶魔,,182,0,"50,40,30,6,10,12,11,12,12,12,13",30,敌人等级33~37（danger=2）
10,安魂森林,163~196,34,是,181,丛林防御型,,5,0,"50,40,30,6,10,12,11,12,12,12,13",30,敌人等级33~37（danger=2）
10,安魂森林,163~196,34,是,182,幻境守卫,,71,0,"50,40,30,6,10,12,11,12,12,12,13",30,敌人等级33~37（danger=2）
10,安魂森林,163~196,34,是,183,幻境守卫,,167,0,"50,40,30,6,10,12,11,12,12,12,13",30,敌人等级33~37（danger=2）
10,安魂森林,163~196,34,是,184,阿斯蒙蒂斯,,159,0,"3400,3400,24,14,272,12,148,5,11,317,26,50",30,敌人等级33~37（danger=2）
10,安魂森林,163~196,34,是,185,利维坦,,48,0,"6300,6300,8,8,281,11,163,5,11,366,32,50",30,敌人等级33~37（danger=2）
10,安魂森林,163~196,34,是,186,萨麦尔,,120,0,"6400,6400,16,6,285,12,172,5,11,395,33,50",30,敌人等级33~37（danger=2）
10,安魂森林,163~196,34,是,187,玛蒙,,108,0,"8000,8000,74,25,364,37,192,19,31,564,76,50",30,敌人等级33~37（danger=2）
10,安魂森林,163~196,34,是,188,别西卜,,57,0,"2500,2500,10,10,264,12,172,14,14,464,6,50",30,敌人等级33~37（danger=2）
10,安魂森林,163~196,34,是,189,贝利尔,,72,0,"2600,2600,10,10,264,12,172,14,14,464,6,50",30,敌人等级33~37（danger=2）
10,安魂森林,163~196,34,是,190,临时机甲,,67,1,"50,40,30,6,10,12,11,12,12,12,13",-1,敌人等级33~37（danger=2）
10,安魂森林,163~196,34,是,191,蠕动的幼虫,,214,0,"50,40,30,6,10,12,11,12,12,12,13",-1,敌人等级33~37（danger=2）
10,安魂森林,163~196,34,是,192,卡古Ⅰ,,136,0,"50,40,30,6,10,12,11,12,12,12,13",-1,敌人等级33~37（danger=2）
10,安魂森林,163~196,34,是,193,刺杀G,,44,0,"50,40,30,6,10,12,11,12,12,12,13",-1,敌人等级33~37（danger=2）
10,安魂森林,163~196,34,是,194,巴尼,,61,0,"680,663,59,59,71,27,25,41,38,42,54",-1,敌人等级33~37（danger=2）
10,安魂森林,163~196,34,是,195,泰森,,5,0,"730,710,60,61,77,27,26,43,40,55,55",-1,敌人等级33~37（danger=2）
10,安魂森林,163~196,34,是,196,贾克斯,,104,0,"485,58,48,48,35,23,22,33,32,35,43",-1,敌人等级33~37（danger=2）
11,15格子,197~199,3,否,197,卡拉多兽,,194,0,"10,10,28,28,22,13,73,6,10,126,34",30,
11,15格子,197~199,3,否,198,菌檀携带者,,212,0,"20,20,38,38,22,23,83,6,10,126,44",30,
11,15格子,197~199,3,否,199,多隆,,69,0,"700,700,58,58,136,43,93,6,10,126,59",30,
12,30格子,200~203,4,否,200,多壳爬虫,,206,0,"10,10,5,5,1,4,24,5,11,68,12",30,
12,30格子,200~203,4,否,201,灰螳螂,,209,0,"50,50,10,10,1,14,24,5,11,68,17",30,
12,30格子,200~203,4,否,202,白影,,171,0,"2000,2000,15,15,268,34,154,5,11,268,62",30,
12,30格子,200~203,4,否,203,罗斯特,,67,0,"155,805,39,38,53,19,19,28,25,37,33",-1,
13,(无名段),204~219,16,否,204,机甲巡逻兵,,115,0,"50,40,30,6,10,12,11,12,12,12,13",25,
13,(无名段),204~219,16,否,205,嗜血者,,211,0,"50,40,30,6,10,12,11,12,12,12,13",45,
13,(无名段),204~219,16,否,206,挖掘者,,183,0,"50,40,30,6,10,12,11,12,12,12,13",50,
13,(无名段),204~219,16,否,207,狂暴杀戮者,,51,0,"10000,10000,59,59,290,33,190,10,20,460,35,50",25,
13,(无名段),204~219,16,否,208,幽灵拦截者,,47,0,"50,40,30,6,10,12,11,12,12,12,13",45,
13,(无名段),204~219,16,否,209,守卫者IX,,104,0,"50,40,30,6,10,12,11,12,12,12,13",50,
13,(无名段),204~219,16,否,210,残暴之力,,24,0,"12000,12000,77,57,299,32,189,9,19,459,39,50",30,
13,(无名段),204~219,16,否,211,斯诺量产型II,,28,0,"50,40,30,6,10,12,11,12,12,12,13",30,
13,(无名段),204~219,16,否,212,末日终结者,,54,0,"14000,14000,116,56,358,34,199,13,28,558,97,50",30,
13,(无名段),204~219,16,否,213,傀儡IX,,22,0,"50,40,30,6,10,12,11,12,12,12,13",30,
13,(无名段),204~219,16,否,214,血腥追踪者,,196,0,"50,40,30,6,10,12,11,12,12,12,13",30,
13,(无名段),204~219,16,否,215,狂暴冲击者,,202,0,"50,40,30,6,10,12,11,12,12,12,13",30,
13,(无名段),204~219,16,否,216,邪恶陆战机甲,,35,0,"50,40,30,6,10,12,11,12,12,12,13",30,
13,(无名段),204~219,16,否,217,斯诺量产型IIX,,29,0,"50,40,30,6,10,12,11,12,12,12,13",30,
13,(无名段),204~219,16,否,218,灾难赋予者IIIX,,186,0,"50,40,30,6,10,12,11,12,12,12,13",30,
13,(无名段),204~219,16,否,219,虫族女王,,162,0,"20000,20000,154,94,407,38,208,17,37,607,186,50",30,
14,联盟,220~223,4,否,220,劫匪,,170,0,"50,40,30,6,10,12,11,12,12,12,13",30,
14,联盟,220~223,4,否,221,克雷,,60,0,"900,900,38,18,3,16,26,8,23,33,60",30,
14,联盟,220~223,4,否,222,霸洪,,138,0,"1000,1000,36,28,1,22,36,5,20,30,38",30,
14,联盟,220~223,4,否,223,考夫基分身,,45,0,"1050,1050,41,33,5,32,41,10,25,35,48",30,
15,佣兵商店,224~227,4,否,224,格雷,,35,0,"362,337,58,20,24,19,18,26,26,26,34",30,
15,佣兵商店,224~227,4,否,225,蜜莉雅,,136,0,"415,387,28,59,27,21,20,29,29,29,38",30,
15,佣兵商店,224~227,4,否,226,潘家金,,74,0,"537,502,78,30,34,24,23,36,36,36,49",30,
15,佣兵商店,224~227,4,否,227,肖恩,,20,0,"607,568,39,81,38,26,25,40,40,40,55",30,
16,神圣,228~230,3,是,228,神圣之拳,,141,1,"325,205,47,15,25,15,12,28,19,14,24",50,
16,神圣,228~230,3,是,229,神圣之箭,,217,1,"225,305,20,42,12,23,13,18,23,10,29",50,
16,神圣,228~230,3,是,230,神圣之光,,111,1,"265,265,31,32,19,17,16,21,21,20,26",50,
17,个人押镖,231~235,5,否,231,劫匪,,43,0,"10,10,25,5,1,5,35,1,1,11,87",30,
17,个人押镖,231~235,5,否,232,路人,,1,0,"10,10,30,10,11,10,45,1,6,16,67",30,
17,个人押镖,231~235,5,否,233,黑店服务员,,46,0,"10,10,35,15,16,15,55,6,11,21,47",30,
17,个人押镖,231~235,5,否,234,土匪,,71,0,"10,10,40,20,11,20,65,11,16,26,27,30",30,
17,个人押镖,231~235,5,否,235,三眼骨虫,,208,0,"120,120,45,25,1,25,75,16,21,31,27,35",30,
18,组队押镖,236~240,5,否,236,劫匪,,43,0,"20,20,35,15,1,15,45,6,11,21,97",30,
18,组队押镖,236~240,5,否,237,路人,,1,0,"20,20,40,20,11,20,55,11,16,26,77",30,
18,组队押镖,236~240,5,否,238,黑店服务员,,46,0,"20,20,45,25,16,25,65,16,21,31,57",30,
18,组队押镖,236~240,5,否,239,土匪,,71,0,"20,20,50,30,11,30,75,21,26,36,37",30,
18,组队押镖,236~240,5,否,240,三眼骨虫,,208,0,"130,130,55,35,1,35,85,26,31,41,37",30,
19,15组队格子,241~243,3,否,241,卡拉多兽,,194,0,"20,20,43,43,26,13,83,6,10,126,79",30,
19,15组队格子,241~243,3,否,242,菌檀携带者,,212,0,"150,150,53,53,26,23,93,6,10,126,99",30,
19,15组队格子,241~243,3,否,243,多隆,,69,0,"1200,1200,63,63,186,43,103,6,10,126,69",30,
20,30组队格子,244~246,3,否,244,多壳爬虫,,206,0,"20,20,20,20,1,4,24,5,11,68,12",30,
20,30组队格子,244~246,3,否,245,灰螳螂,,209,0,"120,120,25,25,1,14,24,5,11,68,22",30,
20,30组队格子,244~246,3,否,246,白影,,171,0,"3500,3500,45,45,318,34,154,5,11,268,72",30,
21,莱温霍姆野怪,247~250,4,否,247,变异水银怪,,200,0,"50,40,30,6,10,12,11,12,12,12,13",30,
21,莱温霍姆野怪,247~250,4,否,248,寄生机甲,,205,0,"50,40,30,6,10,12,11,12,12,12,13",30,
21,莱温霍姆野怪,247~250,4,否,249,核心水银怪,,200,0,"50,40,30,6,10,12,11,12,12,12,13",30,
21,莱温霍姆野怪,247~250,4,否,250,寄生卡古,,205,0,"50,40,30,6,10,12,11,12,12,12,13",30,
22,跑环补充怪物,251~253,3,否,251,死亡蜥蜴,,194,0,"50,40,30,6,10,12,11,12,12,12,13",30,
22,跑环补充怪物,251~253,3,否,252,拉姆,,149,0,"50,40,30,6,10,12,11,12,12,12,13",30,
22,跑环补充怪物,251~253,3,否,253,卡西罗,,152,0,"50,40,30,6,10,12,11,12,12,12,13",30,
23,最新机甲,254~262,9,是,254,卡鲁,,127,1,"50,40,30,6,10,12,11,12,12,12,13",25,
23,最新机甲,254~262,9,是,255,卡鲁,,128,1,"50,40,30,6,10,12,11,12,12,12,13",45,
23,最新机甲,254~262,9,是,256,卡鲁,,129,1,"50,40,30,6,10,12,11,12,12,12,13",50,
23,最新机甲,254~262,9,是,257,吉尼奥,,145,1,"50,40,11,25,10,12,11,12,12,12,13",25,
23,最新机甲,254~262,9,是,258,吉尼奥,,146,1,"50,40,11,25,10,12,11,12,12,12,13",45,
23,最新机甲,254~262,9,是,259,吉尼奥,,147,1,"50,40,11,25,10,12,11,12,12,12,13",50,
23,最新机甲,254~262,9,是,260,克努,,133,1,"50,40,18,18,10,12,11,12,12,12,13",25,
23,最新机甲,254~262,9,是,261,克努,,134,1,"50,40,18,18,10,12,11,12,12,12,13",45,
23,最新机甲,254~262,9,是,262,克努,,135,1,"50,40,18,18,10,12,11,12,12,12,13",50,
24,抽奖机甲,263~267,5,是,263,阿迈刹,,144,1,"50,40,11,25,10,12,11,12,12,12,13",50,
24,抽奖机甲,263~267,5,是,264,无人机甲精英,,167,0,"3800,3800,100,100,180,45,180,20,50,450,70",30,
24,抽奖机甲,263~267,5,是,265,无人机甲,,164,0,"320,320,20,20,120,10,150,25,35,300,15",30,
24,抽奖机甲,263~267,5,是,266,无人机甲,,68,0,"320,320,20,20,120,10,150,25,35,300,15",30,
24,抽奖机甲,263~267,5,是,267,鬼王,,144,0,"15000,15000,170,170,350,30,240,70,80,1200,200",30,
25,极北雪原,268~275,8,是,268,守卫IX,,116,0,"50,40,18,18,10,12,11,12,12,12,13",30,20-50级精英（danger=3）
25,极北雪原,268~275,8,是,269,巡查CP,,176,0,"50,40,18,18,10,12,11,12,12,12,13",30,20-50级精英（danger=3）
25,极北雪原,268~275,8,是,270,神风队长,,69,0,"12000,12000,170,170,350,20,240,70,80,1000,150,35",30,20-50级精英（danger=3）
25,极北雪原,268~275,8,是,271,神风队员,,86,0,"50,40,18,18,10,12,11,12,12,12,13",30,20-50级精英（danger=3）
25,极北雪原,268~275,8,是,272,欧普-D34,,154,0,"50,40,18,18,10,12,11,12,12,12,13",30,20-50级精英（danger=3）
25,极北雪原,268~275,8,是,273,欧普-D40,,155,0,"50,40,18,18,10,12,11,12,12,12,13",30,20-50级精英（danger=3）
25,极北雪原,268~275,8,是,274,死亡星云,,218,0,"35000,35000,400,400,800,25,260,100,300,1200,220,50",30,20-50级精英（danger=3）
25,极北雪原,268~275,8,是,275,盖亚,,90,1,"50,40,30,6,10,12,11,12,12,12,13",50,20-50级精英（danger=3）
26,(无名段),276~283,8,否,276,伦卡宇宙型Ⅲ,,10,0,"50,40,18,18,10,12,11,12,12,12,13",30,
26,(无名段),276~283,8,否,277,伦卡宇宙型Ⅴ,,11,0,"50,40,18,18,10,12,11,12,12,12,13",30,
26,(无名段),276~283,8,否,278,伦卡泛用型Ⅳ,,76,0,"50,40,18,18,10,12,11,12,12,12,13",30,
26,(无名段),276~283,8,否,279,伦卡泛用型Ⅵ,,77,0,"50,40,18,18,10,12,11,12,12,12,13",30,
26,(无名段),276~283,8,否,280,伦卡精英型,,14,0,"50,40,18,18,10,12,11,12,12,12,13",30,
26,(无名段),276~283,8,否,281,拉莫利,,219,0,"50000,50000,1000,1000,1250,40,300,80,150,320,50,55",30,
26,(无名段),276~283,8,否,282,凯丽,,12,0,"45000,45000,260,260,450,35,270,70,100,800,170,40",30,
26,(无名段),276~283,8,否,283,智能AI,,11,0,"20000,20000,80,80,400,40,350,90,200,900,160,40",30,
27,拉诺斯,284~284,1,是,284,拉诺斯,,222,1,"50,40,18,18,10,12,11,12,12,12,13",-1,
28,潘多拉,285~291,7,否,285,土著先锋,,34,0,"50,40,18,18,10,12,11,12,12,12,13",30,
28,潘多拉,285~291,7,否,286,土著精英,,35,0,"50,40,18,18,10,12,11,12,12,12,13",30,
28,潘多拉,285~291,7,否,287,土著祭祀,,36,0,"20000,15000,350,350,1500,80,350,100,250,500,130,30",30,
28,潘多拉,285~291,7,否,288,土著死士,,106,0,"50,40,18,18,10,12,11,12,12,12,13",30,
28,潘多拉,285~291,7,否,289,土著神眷者,,107,0,"50,40,18,18,10,12,11,12,12,12,13",30,
28,潘多拉,285~291,7,否,290,土著长老,,108,0,"21625,10000,5,5,650,70,400,85,180,180,150,20",30,
28,潘多拉,285~291,7,否,291,扎瓦齐,,223,0,"124125,25000,550,500,900,100,450,80,220,150,200,40",30,
29,40级单人格子,292~295,4,是,292,警卫机器人,,4,0,"2000,2000,130,130,500,85,320,30,80,130,150,35",30,
29,40级单人格子,292~295,4,是,293,反恐警卫,,5,0,"3000,3000,150,150,550,95,340,35,95,140,160,35",30,
29,40级单人格子,292~295,4,是,294,拟态机器人,,224,0,"25000,25000,220,220,450,105,360,40,105,900,240,40",30,
29,40级单人格子,292~295,4,是,295,迪斯-KZ,,227,1,"50,40,11,25,10,12,11,12,12,12,13",50,
30,月球遗迹,296~304,9,否,296,短路的AI,,1,0,"50,40,18,18,10,12,11,12,12,12,13",30,50级精英（danger=3）
30,月球遗迹,296~304,9,否,297,维修机器人,,2,0,"50,40,18,18,10,12,11,12,12,12,13",30,50级精英（danger=3）
30,月球遗迹,296~304,9,否,298,后勤机器人,,2,0,"25000,15000,200,200,1000,125,700,150,130,780,200,30",30,50级精英（danger=3）
30,月球遗迹,296~304,9,否,299,巡逻机器人,,3,0,"48000,50000,600,600,1150,120,700,150,120,1020,180,55",30,50级精英（danger=3）
30,月球遗迹,296~304,9,否,300,战斗用警卫,,136,0,"50,40,18,18,10,12,11,12,12,12,13",30,50级精英（danger=3）
30,月球遗迹,296~304,9,否,301,智能AI,,137,0,"50,40,18,18,10,12,11,12,12,12,13",30,50级精英（danger=3）
30,月球遗迹,296~304,9,否,302,防御辅助AI,,138,0,"35000,12000,250,250,1000,130,720,70,110,320,120,55",30,50级精英（danger=3）
30,月球遗迹,296~304,9,否,303,紧急维修辅助AI,,138,0,"25000,12000,200,200,1250,130,720,120,105,870,250,55",30,50级精英（danger=3）
30,月球遗迹,296~304,9,否,304,外星人提利昂,,228,0,"50000,12000,650,650,900,130,720,40,115,1020,150,55",30,50级精英（danger=3）
31,礼包赠送,305~305,1,是,305,钢铁巨侠,,231,1,"50,40,30,6,10,12,11,12,12,12,13",50,
32,合成,306~314,9,是,306,刀锋,,232,1,"50,40,30,6,10,12,11,12,12,12,13",25,
32,合成,306~314,9,是,307,刀锋,,233,1,"50,40,30,6,10,12,11,12,12,12,13",45,
32,合成,306~314,9,是,308,刀锋,,234,1,"50,40,30,6,10,12,11,12,12,12,13",50,
32,合成,306~314,9,是,309,玫瑰,,235,1,"50,40,11,25,10,12,11,12,12,12,13",25,
32,合成,306~314,9,是,310,玫瑰,,236,1,"50,40,11,25,10,12,11,12,12,12,13",45,
32,合成,306~314,9,是,311,玫瑰,,237,1,"50,40,11,25,10,12,11,12,12,12,13",50,
32,合成,306~314,9,是,312,福萨,,238,1,"50,40,18,18,10,12,11,12,12,12,13",25,
32,合成,306~314,9,是,313,福萨,,239,1,"50,40,18,18,10,12,11,12,12,12,13",45,
32,合成,306~314,9,是,314,福萨,,240,1,"50,40,18,18,10,12,11,12,12,12,13",50,
33,61活动怪物,315~315,1,是,315,糖果大盗,,210,1,"250,250,1,1,20,20,500,70,5,150,25,150",50,
34,黄金卡鲁,316~318,3,是,316,黄金卡鲁,,241,1,"50,40,30,6,10,12,11,12,12,12,13",25,
34,黄金卡鲁,316~318,3,是,317,黄金卡鲁,,242,1,"50,40,30,6,10,12,11,12,12,12,13",45,
34,黄金卡鲁,316~318,3,是,318,黄金卡鲁,,243,1,"50,40,30,6,10,12,11,12,12,12,13",50,
35,端午活动,319~338,20,否,319,卖绳的,,4,0,"50,40,18,18,10,12,11,12,12,12,13",30,
35,端午活动,319~338,20,否,320,卖墨的,,5,0,"50,40,18,18,10,12,11,12,12,12,13",30,
35,端午活动,319~338,20,否,321,卖药的,,6,0,"50,40,18,18,10,12,11,12,12,12,13",30,
35,端午活动,319~338,20,否,322,猎犬,,138,0,"200,200,15,15,180,28,100,20,19,90,20,50",30,
35,端午活动,319~338,20,否,323,猎人,,9,0,"2000,2000,70,40,200,28,120,25,31,210,43,50",30,
35,端午活动,319~338,20,否,324,啤酒贩子,,16,0,"50,40,18,18,10,12,11,12,12,12,13",30,
35,端午活动,319~338,20,否,325,洋酒贩子,,17,0,"50,40,18,18,10,12,11,12,12,12,13",30,
35,端午活动,319~338,20,否,326,红酒贩子,,19,0,"50,40,18,18,10,12,11,12,12,12,13",30,
35,端午活动,319~338,20,否,327,黄酒贩子,,20,0,"50,40,18,18,10,12,11,12,12,12,13",30,
35,端午活动,319~338,20,否,328,员工A,,18,0,"6400,6400,70,60,320,30,190,40,46,430,85,50",30,
35,端午活动,319~338,20,否,329,员工B,,18,0,"6450,6450,75,60,320,53,200,45,49,450,83,50",30,
35,端午活动,319~338,20,否,330,白酒贩子,,21,0,"8000,8000,130,80,400,55,210,55,67,600,130,50",30,
35,端午活动,319~338,20,否,331,龙舟保管员,,22,0,"50,40,18,18,10,12,11,12,12,12,13",30,
35,端午活动,319~338,20,否,332,机师公会临时工,,25,0,"50,40,18,18,10,12,11,12,12,12,13",30,
35,端午活动,319~338,20,否,333,机师公会清洁工,,26,0,"50,40,18,18,10,12,11,12,12,12,13",30,
35,端午活动,319~338,20,否,334,机师公会保安,,28,0,"50,40,18,18,10,12,11,12,12,12,13",30,
35,端午活动,319~338,20,否,335,机师公会厨师,,29,0,"50,40,18,18,10,12,11,12,12,12,13",30,
35,端午活动,319~338,20,否,336,机师公会精英会员,,30,0,"8000,8000,300,300,800,250,800,120,105,1200,100",30,
35,端午活动,319~338,20,否,337,机师公会副会长,,27,0,"8000,8000,280,280,600,250,800,40,115,1020,120",30,
35,端午活动,319~338,20,否,338,机师公会会长,,244,0,"30000,5000,200,200,700,250,800,70,110,420,200",30,
36,联盟守卫1级公会,339~341,3,否,339,联盟守卫者,,30,0,"40000,8000,300,300,800,250,800,120,105,1200,100",30,
36,联盟守卫1级公会,339~341,3,否,340,联盟捍卫者,,27,0,"40000,8000,280,280,600,250,800,40,115,1020,120",30,
36,联盟守卫1级公会,339~341,3,否,341,守护神,,244,0,"90000,5000,200,200,700,250,800,70,110,420,200",30,
37,联盟守卫2级公会,342~344,3,否,342,联盟守卫者,,30,0,"40000,8000,300,300,800,250,800,120,105,1200,100",30,
37,联盟守卫2级公会,342~344,3,否,343,联盟捍卫者,,27,0,"40000,8000,280,280,600,250,800,40,115,1020,120",30,
37,联盟守卫2级公会,342~344,3,否,344,守护神,,244,0,"90000,5000,200,200,700,250,800,70,110,420,200",30,
38,联盟守卫3级公会,345~347,3,否,345,联盟守卫者,,30,0,"40000,8000,300,300,800,250,800,120,105,1200,100",30,
38,联盟守卫3级公会,345~347,3,否,346,联盟捍卫者,,27,0,"40000,8000,280,280,600,250,800,40,115,1020,120",30,
38,联盟守卫3级公会,345~347,3,否,347,守护神,,244,0,"90000,5000,200,200,700,250,800,70,110,420,200",30,
39,联盟守卫4级公会,348~350,3,否,348,联盟守卫者,,30,0,"40000,8000,300,300,800,250,800,120,105,1200,100",30,
39,联盟守卫4级公会,348~350,3,否,349,联盟捍卫者,,27,0,"40000,8000,280,280,600,250,800,40,115,1020,120",30,
39,联盟守卫4级公会,348~350,3,否,350,守护神,,244,0,"90000,5000,200,200,700,250,800,70,110,420,200",30,
40,联盟守卫5级公会,351~353,3,否,351,联盟守卫者,,30,0,"40000,8000,300,300,800,250,800,120,105,1200,100",30,
40,联盟守卫5级公会,351~353,3,否,352,联盟捍卫者,,27,0,"40000,8000,280,280,600,250,800,40,115,1020,120",30,
40,联盟守卫5级公会,351~353,3,否,353,守护神,,244,0,"90000,5000,200,200,700,250,800,70,110,420,200",30,
41,联盟守卫6级公会,354~356,3,否,354,联盟守卫者,,30,0,"40000,8000,300,300,800,250,800,120,105,1200,100",30,
41,联盟守卫6级公会,354~356,3,否,355,联盟捍卫者,,27,0,"40000,8000,280,280,600,250,800,40,115,1020,120",30,
41,联盟守卫6级公会,354~356,3,否,356,守护神,,244,0,"90000,5000,200,200,700,250,800,70,110,420,200",30,
42,联盟守卫7级公会,357~359,3,否,357,联盟守卫者,,30,0,"40000,8000,300,300,800,250,800,120,105,1200,100",30,
42,联盟守卫7级公会,357~359,3,否,358,联盟捍卫者,,27,0,"40000,8000,280,280,600,250,800,40,115,1020,120",30,
42,联盟守卫7级公会,357~359,3,否,359,守护神,,244,0,"90000,5000,200,200,700,250,800,70,110,420,200",30,
43,联盟守卫8级公会,360~362,3,否,360,联盟守卫者,,30,0,"40000,8000,300,300,800,250,800,120,105,1200,100",30,
43,联盟守卫8级公会,360~362,3,否,361,联盟捍卫者,,27,0,"40000,8000,280,280,600,250,800,40,115,1020,120",30,
43,联盟守卫8级公会,360~362,3,否,362,守护神,,244,0,"90000,5000,200,200,700,250,800,70,110,420,200",30,
44,联盟守卫9级公会,363~365,3,否,363,联盟守卫者,,30,0,"40000,8000,300,300,800,250,800,120,105,1200,100",30,
44,联盟守卫9级公会,363~365,3,否,364,联盟捍卫者,,27,0,"40000,8000,280,280,600,250,800,40,115,1020,120",30,
44,联盟守卫9级公会,363~365,3,否,365,守护神,,244,0,"90000,5000,200,200,700,250,800,70,110,420,200",30,
45,联盟守卫10级公会,366~368,3,否,366,联盟守卫者,,30,0,"40000,8000,300,300,800,250,800,120,105,1200,100",30,
45,联盟守卫10级公会,366~368,3,否,367,联盟捍卫者,,27,0,"40000,8000,280,280,600,250,800,40,115,1020,120",30,
45,联盟守卫10级公会,366~368,3,否,368,守护神,,244,0,"90000,5000,200,200,700,250,800,70,110,420,200",30,
46,联盟守卫11级公会,369~371,3,否,369,联盟守卫者,,30,0,"40000,8000,300,300,800,250,800,120,105,1200,100",30,
46,联盟守卫11级公会,369~371,3,否,370,联盟捍卫者,,27,0,"40000,8000,280,280,600,250,800,40,115,1020,120",30,
46,联盟守卫11级公会,369~371,3,否,371,守护神,,244,0,"90000,5000,200,200,700,250,800,70,110,420,200",30,
47,联盟守卫12级公会,372~374,3,否,372,联盟守卫者,,30,0,"40000,8000,300,300,800,250,800,120,105,1200,100",30,
47,联盟守卫12级公会,372~374,3,否,373,联盟捍卫者,,27,0,"40000,8000,280,280,600,250,800,40,115,1020,120",30,
47,联盟守卫12级公会,372~374,3,否,374,守护神,,244,0,"90000,5000,200,200,700,250,800,70,110,420,200",30,
48,20级,375~376,2,否,375,魔族量产型,,205,0,"1000,1000,30,30,180,28,110,20,39,190,30",30,
48,20级,375~376,2,否,376,黑魔甲,,244,0,"3000,1500,75,45,230,28,135,29,35,250,50",30,
49,30级,377~378,2,否,377,魔族量产型,,205,0,"2400,2000,70,40,200,28,125,27,33,230,43",30,
49,30级,377~378,2,否,378,红色诅咒,,228,0,"6400,4000,70,60,320,30,190,40,46,430,85",30,
50,40级,379~380,2,否,379,魔族量产型,,205,0,"5000,5000,70,65,310,28,170,39,45,400,80",30,
50,40级,379~380,2,否,380,铁甲魔龙,,218,0,"20000,6000,220,160,450,60,230,60,80,650,250",30,
51,50级,381~383,3,否,381,风魔甲,,219,0,"80000,25000,550,500,900,100,450,80,220,750,200",30,
51,50级,381~383,3,否,382,魔族量产型,,205,0,"40000,10000,5,5,650,70,400,85,180,800,125",30,
51,50级,381~383,3,否,383,魔族量产型,,205,0,"35000,15000,350,350,1500,80,350,100,250,100,100",30,
52,51级,384~386,3,否,384,风魔甲,,219,0,"70000,7000,350,350,350,100,450,80,220,500,120",30,
52,51级,384~386,3,否,385,狂暴龙,,223,0,"40000,6000,520,520,300,70,400,85,180,500,200",30,
52,51级,384~386,3,否,386,魔族量产型,,205,0,"40000,6000,400,400,1200,70,400,85,180,800,125",30,
53,52级,387~389,3,否,387,风魔甲,,219,0,"50500,8000,350,350,1500,70,350,90,200,450,220",30,
53,52级,387~389,3,否,388,狂暴龙,,223,0,"52000,8000,500,500,1000,40,300,80,150,320,150",30,
53,52级,387~389,3,否,389,枯骨魔龙,,224,0,"49000,8000,500,500,1100,80,350,100,250,800,100",30,
54,7.1任务,390~410,21,是,390,死灵武士,,245,0,"2000,2000,70,40,200,28,120,25,31,210,40",30,
54,7.1任务,390~410,21,是,391,死灵忍者,,246,0,"200,200,15,15,180,28,100,20,19,90,20",30,
54,7.1任务,390~410,21,是,392,精英忍者,,246,0,"7200,5400,70,60,320,30,190,40,46,800,85",30,
54,7.1任务,390~410,21,是,393,精英忍者,,246,0,"6000,6000,75,60,320,53,200,45,49,450,83",30,
54,7.1任务,390~410,21,是,394,鬼武者,,247,0,"8500,7000,220,160,400,55,210,55,67,600,130",30,
54,7.1任务,390~410,21,是,395,精英鬼武者,,247,0,"45000,8000,50,50,1000,40,300,80,150,9999,150",30,
54,7.1任务,390~410,21,是,396,精英鬼武者,,247,0,"42000,8000,30,30,1100,80,350,100,250,9999,100",30,
54,7.1任务,390~410,21,是,397,铠神,,248,0,"94000,8000,500,500,1500,70,350,90,200,400,220",30,
54,7.1任务,390~410,21,是,398,忍兵陆型,,4,0,"50,40,18,18,10,12,11,12,12,12,13",30,
54,7.1任务,390~410,21,是,399,忍兵空型,,5,0,"50,40,18,18,10,12,11,12,12,12,13",30,
54,7.1任务,390~410,21,是,400,忍兵海型,,6,0,"50,40,18,18,10,12,11,12,12,12,13",30,
54,7.1任务,390~410,21,是,401,指挥官近卫,,138,0,"200,200,15,15,180,28,100,20,19,90,20,50",30,
54,7.1任务,390~410,21,是,402,中忍指挥官,,9,0,"2000,2000,70,40,200,28,120,25,31,210,43,50",30,
54,7.1任务,390~410,21,是,403,中忍I型,,16,0,"50,40,18,18,10,12,11,12,12,12,13",30,
54,7.1任务,390~410,21,是,404,中忍II型,,17,0,"50,40,18,18,10,12,11,12,12,12,13",30,
54,7.1任务,390~410,21,是,405,中忍III型,,19,0,"50,40,18,18,10,12,11,12,12,12,13",30,
54,7.1任务,390~410,21,是,406,中忍V型,,20,0,"50,40,18,18,10,12,11,12,12,12,13",30,
54,7.1任务,390~410,21,是,407,开山重兵I型,,18,0,"6400,6400,70,60,320,30,190,40,46,430,85,50",30,
54,7.1任务,390~410,21,是,408,开山重兵II型,,18,0,"6450,6450,75,60,320,53,200,45,49,450,83,50",30,
54,7.1任务,390~410,21,是,409,神速忍,,21,0,"8000,8000,130,80,400,55,210,55,67,600,130,50",30,
54,7.1任务,390~410,21,是,410,弗雷萨,,150,1,"50,40,18,18,10,12,11,12,12,12,13",-1,
55,黄金吉尼奥,411~413,3,是,411,黄金吉尼,,249,1,"50,40,30,6,10,12,11,12,12,12,13",25,
55,黄金吉尼奥,411~413,3,是,412,黄金吉尼,,250,1,"50,40,30,6,10,12,11,12,12,12,13",45,
55,黄金吉尼奥,411~413,3,是,413,黄金吉尼,,251,1,"50,40,30,6,10,12,11,12,12,12,13",50,
56,黄金克努,414~416,3,是,414,黄金克努,,252,1,"50,40,30,6,10,12,11,12,12,12,13",25,
56,黄金克努,414~416,3,是,415,黄金克努,,253,1,"50,40,30,6,10,12,11,12,12,12,13",45,
56,黄金克努,414~416,3,是,416,黄金克努,,254,1,"50,40,30,6,10,12,11,12,12,12,13",50,
57,氪星来客,417~425,9,否,417,加斯达,,255,0,"2000,2000,70,40,200,28,120,25,31,210,40",30,
57,氪星来客,417~425,9,否,418,被感染的机甲,,205,0,"200,200,15,15,180,28,100,20,19,90,20",30,
57,氪星来客,417~425,9,否,419,桑古鲁斯,,256,0,"8500,7000,220,160,400,55,210,55,67,600,130",30,
57,氪星来客,417~425,9,否,420,被感染的机甲,,205,0,"6000,6000,75,60,320,53,200,45,49,450,83",30,
57,氪星来客,417~425,9,否,421,被感染的机甲,,205,0,"7200,5400,70,60,320,30,190,40,46,800,85",30,
57,氪星来客,417~425,9,否,422,加斯达,,255,0,"35000,8000,500,500,1000,70,350,90,200,400,425",30,
57,氪星来客,417~425,9,否,423,桑古鲁斯,,256,0,"60000,8000,500,500,1200,40,300,80,150,9999,150",30,
57,氪星来客,417~425,9,否,424,被感染的机甲,,205,0,"42000,8000,30,30,1100,80,350,100,250,9999,100",30,
57,氪星来客,417~425,9,否,425,凯尔,,257,0,"140000,8000,600,600,1100,80,350,200,250,1300,400",30,
58,赛博坦的求救,426~439,14,否,426,神秘追踪者,,119,0,"2000,2000,15,15,180,28,120,25,31,210,43",30,
58,赛博坦的求救,426~439,14,否,427,不明机甲,,122,0,"3000,3000,20,20,200,28,120,25,31,90,20",30,
58,赛博坦的求救,426~439,14,否,428,神秘机甲,,78,0,"4000,7000,220,160,400,28,120,25,600,210,130",30,
58,赛博坦的求救,426~439,14,否,429,地陷虫,,214,0,"6000,5400,300,300,200,30,190,40,46,800,85",30,
58,赛博坦的求救,426~439,14,否,430,铁甲虫,,197,0,"7000,6000,150,150,800,53,200,45,49,800,85",30,
58,赛博坦的求救,426~439,14,否,431,女王护卫,,198,0,"40000,6000,500,500,1000,70,350,90,200,400,425",30,
58,赛博坦的求救,426~439,14,否,432,女王护卫,,198,0,"42000,5000,500,500,1100,40,300,90,150,14950,150",30,
58,赛博坦的求救,426~439,14,否,433,虫族女王,,162,0,"60000,7000,600,600,1200,80,350,100,250,14950,100",30,
58,赛博坦的求救,426~439,14,否,434,方舟AI,,153,0,"20000,100000,550,550,1300,80,350,200,250,1000,110",30,
58,赛博坦的求救,426~439,14,否,435,方舟AI,,153,0,"20000,100000,550,550,1300,80,350,200,250,1000,110",30,
58,赛博坦的求救,426~439,14,否,436,受伤的黄蜂,,258,0,"130000,5000,600,500,1400,40,300,90,150,500,400",30,
58,赛博坦的求救,426~439,14,否,437,女王近卫,,213,0,"22000,95000,30,30,1200,80,350,100,250,14950,110",30,
58,赛博坦的求救,426~439,14,否,438,女王近卫,,213,0,"70000,8000,600,600,1200,80,350,200,250,0,390",30,
58,赛博坦的求救,426~439,14,否,439,魔化女王,,162,0,"170000,9000,650,650,1200,80,350,200,250,1000,100",30,
59,七夕节任务,440~447,8,是,440,仓景崆,,226,0,"50,40,18,18,10,12,11,12,12,12,13",30,
59,七夕节任务,440~447,8,是,441,红蜘蛛,,102,0,"50,40,18,18,10,12,11,12,12,12,13",30,
59,七夕节任务,440~447,8,是,442,无辜的野牛,,30,0,"50,40,18,18,10,12,11,12,12,12,13",30,
59,七夕节任务,440~447,8,是,443,好基友,,30,0,"8000,8000,300,300,800,250,800,120,105,1200,100",30,
59,七夕节任务,440~447,8,是,444,为了部落,,27,0,"8000,8000,280,280,600,250,800,40,115,1020,120",30,
59,七夕节任务,440~447,8,是,445,情侣死光光,,21,0,"8000,8000,130,80,400,55,210,55,67,600,130,50",30,
59,七夕节任务,440~447,8,是,446,伊修塔尔,,259,1,"50,40,11,25,10,12,11,12,12,12,13",50,
59,七夕节任务,440~447,8,是,447,钢索,,260,1,"50,40,30,6,10,12,11,12,12,12,13",50,
60,中秋活动怪物,448~448,1,是,448,彩灯大盗,,211,1,"250,250,1,1,20,20,500,70,5,150,25,150",50,
61,黄道十二宫,395~461,20,否,449,白羊座,,248,0,"94000,8000,500,500,1500,70,350,90,200,400,220",30,
61,黄道十二宫,395~461,20,否,450,金牛座,,257,0,"140000,8000,600,600,1100,80,350,200,250,1300,400",30,
61,黄道十二宫,395~461,20,否,451,双子座,,258,0,"130000,5000,600,500,1400,40,300,90,150,500,400",30,
61,黄道十二宫,395~461,20,否,452,双子座,,162,0,"170000,9000,650,650,1200,80,350,200,250,1000,100",30,
61,黄道十二宫,395~461,20,否,453,巨蟹座,,162,0,"170000,9000,650,650,1200,80,350,200,250,1000,100",30,
61,黄道十二宫,395~461,20,否,454,狮子座,,162,0,"170000,9000,650,650,1200,80,350,200,250,1000,100",30,
61,黄道十二宫,395~461,20,否,455,处女座,,162,0,"170000,9000,650,650,1200,80,350,200,250,1000,100",30,
61,黄道十二宫,395~461,20,否,456,天秤座,,162,0,"170000,9000,650,650,1200,80,350,200,250,1000,100",30,
61,黄道十二宫,395~461,20,否,457,天蝎座,,162,0,"170000,9000,650,650,1200,80,350,200,250,1000,100",30,
61,黄道十二宫,395~461,20,否,458,射手座,,162,0,"170000,9000,650,650,1200,80,350,200,250,1000,100",30,
61,黄道十二宫,395~461,20,否,459,摩羯座,,162,0,"170000,9000,650,650,1200,80,350,200,250,1000,100",30,
61,黄道十二宫,395~461,20,否,460,水瓶座,,162,0,"170000,9000,650,650,1200,80,350,200,250,1000,100",30,
61,黄道十二宫,395~461,20,否,461,双鱼座,,162,0,"170000,9000,650,650,1200,80,350,200,250,1000,100",30,
61,黄道十二宫,395~461,20,否,437,女王近卫,,213,0,"22000,95000,30,30,1200,80,350,100,250,14950,110",30,
61,黄道十二宫,395~461,20,否,438,女王近卫,,213,0,"70000,8000,600,600,1200,80,350,200,250,0,390",30,
61,黄道十二宫,395~461,20,否,434,方舟AI,,153,0,"20000,100000,550,550,1300,80,350,200,250,1000,110",30,
61,黄道十二宫,395~461,20,否,435,方舟AI,,153,0,"20000,100000,550,550,1300,80,350,200,250,1000,110",30,
61,黄道十二宫,395~461,20,否,395,精英鬼武者,,247,0,"45000,8000,50,50,1000,40,300,80,150,9999,150",30,
61,黄道十二宫,395~461,20,否,396,精英鬼武者,,247,0,"42000,8000,30,30,1100,80,350,100,250,9999,100",30,
61,黄道十二宫,395~461,20,否,424,被感染的机甲,,205,0,"42000,8000,30,30,1100,80,350,100,250,9999,100",30,
